,YearStart,LocationDesc,Education,Income,Gender,Age(years),Race/Ethnicity,EducationCode,GenderCode,IncomeCode,Age(years)Code,Race/EthnicityCode
0,2011,Alabama,unknown,unknown,unknown,unknown,unknown,4,2,7,6,8
1,2011,Alabama,unknown,unknown,Male,unknown,unknown,4,1,7,6,8
2,2011,Alabama,unknown,unknown,Female,unknown,unknown,4,0,7,6,8
3,2011,Alabama,Less than high school,unknown,unknown,unknown,unknown,2,2,7,6,8
4,2011,Alabama,High school graduate,unknown,unknown,unknown,unknown,1,2,7,6,8
5,2011,Alabama,Some college or technical school,unknown,unknown,unknown,unknown,3,2,7,6,8
6,2011,Alabama,College graduate,unknown,unknown,unknown,unknown,0,2,7,6,8
7,2011,Alabama,unknown,unknown,unknown,18 - 24,unknown,4,2,7,0,8
8,2011,Alabama,unknown,unknown,unknown,25 - 34,unknown,4,2,7,1,8
9,2011,Alabama,unknown,unknown,unknown,35 - 44,unknown,4,2,7,2,8
10,2011,Alabama,unknown,unknown,unknown,45 - 54,unknown,4,2,7,3,8
11,2011,Alabama,unknown,unknown,unknown,55 - 64,unknown,4,2,7,4,8
12,2011,Alabama,unknown,unknown,unknown,65 or older,unknown,4,2,7,5,8
13,2011,Alabama,unknown,"Less than $15,000",unknown,unknown,unknown,4,2,6,6,8
14,2011,Alabama,unknown,"$15,000 - $24,999",unknown,unknown,unknown,4,2,0,6,8
15,2011,Alabama,unknown,"$25,000 - $34,999",unknown,unknown,unknown,4,2,1,6,8
16,2011,Alabama,unknown,"$35,000 - $49,999",unknown,unknown,unknown,4,2,2,6,8
17,2011,Alabama,unknown,"$50,000 - $74,999",unknown,unknown,unknown,4,2,3,6,8
18,2011,Alabama,unknown,"$75,000 or greater",unknown,unknown,unknown,4,2,4,6,8
19,2011,Alabama,unknown,Data not reported,unknown,unknown,unknown,4,2,5,6,8
20,2011,Alabama,unknown,unknown,unknown,unknown,Non-Hispanic White,4,2,7,6,6
21,2011,Alabama,unknown,unknown,unknown,unknown,Non-Hispanic Black,4,2,7,6,5
22,2011,Alabama,unknown,unknown,unknown,unknown,Hispanic,4,2,7,6,4
23,2011,Alabama,unknown,unknown,unknown,unknown,Asian,4,2,7,6,2
24,2011,Alabama,unknown,unknown,unknown,unknown,Hawaiian/Pacific Islander,4,2,7,6,3
25,2011,Alabama,unknown,unknown,unknown,unknown,American Indian/Alaska Native,4,2,7,6,1
26,2011,Alabama,unknown,unknown,unknown,unknown,2 or more races,4,2,7,6,0
27,2011,Alabama,unknown,unknown,unknown,unknown,Other,4,2,7,6,7
28,2011,Alabama,unknown,unknown,unknown,unknown,unknown,4,2,7,6,8
29,2011,Alabama,unknown,unknown,Male,unknown,unknown,4,1,7,6,8
30,2011,Alabama,unknown,unknown,Female,unknown,unknown,4,0,7,6,8
31,2011,Alabama,Less than high school,unknown,unknown,unknown,unknown,2,2,7,6,8
32,2011,Alabama,High school graduate,unknown,unknown,unknown,unknown,1,2,7,6,8
33,2011,Alabama,Some college or technical school,unknown,unknown,unknown,unknown,3,2,7,6,8
34,2011,Alabama,College graduate,unknown,unknown,unknown,unknown,0,2,7,6,8
35,2011,Alabama,unknown,unknown,unknown,18 - 24,unknown,4,2,7,0,8
36,2011,Alabama,unknown,unknown,unknown,25 - 34,unknown,4,2,7,1,8
37,2011,Alabama,unknown,unknown,unknown,35 - 44,unknown,4,2,7,2,8
38,2011,Alabama,unknown,unknown,unknown,45 - 54,unknown,4,2,7,3,8
39,2011,Alabama,unknown,unknown,unknown,55 - 64,unknown,4,2,7,4,8
40,2011,Alabama,unknown,unknown,unknown,65 or older,unknown,4,2,7,5,8
41,2011,Alabama,unknown,"Less than $15,000",unknown,unknown,unknown,4,2,6,6,8
42,2011,Alabama,unknown,"$15,000 - $24,999",unknown,unknown,unknown,4,2,0,6,8
43,2011,Alabama,unknown,"$25,000 - $34,999",unknown,unknown,unknown,4,2,1,6,8
44,2011,Alabama,unknown,"$35,000 - $49,999",unknown,unknown,unknown,4,2,2,6,8
45,2011,Alabama,unknown,"$50,000 - $74,999",unknown,unknown,unknown,4,2,3,6,8
46,2011,Alabama,unknown,"$75,000 or greater",unknown,unknown,unknown,4,2,4,6,8
47,2011,Alabama,unknown,Data not reported,unknown,unknown,unknown,4,2,5,6,8
48,2011,Alabama,unknown,unknown,unknown,unknown,Non-Hispanic White,4,2,7,6,6
49,2011,Alabama,unknown,unknown,unknown,unknown,Non-Hispanic Black,4,2,7,6,5
50,2011,Alabama,unknown,unknown,unknown,unknown,Hispanic,4,2,7,6,4
51,2011,Alabama,unknown,unknown,unknown,unknown,Asian,4,2,7,6,2
52,2011,Alabama,unknown,unknown,unknown,unknown,Hawaiian/Pacific Islander,4,2,7,6,3
53,2011,Alabama,unknown,unknown,unknown,unknown,American Indian/Alaska Native,4,2,7,6,1
54,2011,Alabama,unknown,unknown,unknown,unknown,2 or more races,4,2,7,6,0
55,2011,Alabama,unknown,unknown,unknown,unknown,Other,4,2,7,6,7
56,2011,Alabama,unknown,unknown,unknown,unknown,unknown,4,2,7,6,8
57,2011,Alabama,unknown,unknown,unknown,65 or older,unknown,4,2,7,5,8
58,2011,Alabama,unknown,unknown,unknown,unknown,Hispanic,4,2,7,6,4
59,2011,Alabama,College graduate,unknown,unknown,unknown,unknown,0,2,7,6,8
60,2011,Alabama,unknown,unknown,unknown,unknown,2 or more races,4,2,7,6,0
61,2011,Alabama,unknown,unknown,unknown,unknown,Non-Hispanic Black,4,2,7,6,5
62,2011,Alabama,unknown,"$75,000 or greater",unknown,unknown,unknown,4,2,4,6,8
63,2011,Alabama,unknown,unknown,Female,unknown,unknown,4,0,7,6,8
64,2011,Alabama,unknown,"$35,000 - $49,999",unknown,unknown,unknown,4,2,2,6,8
65,2011,Alabama,Some college or technical school,unknown,unknown,unknown,unknown,3,2,7,6,8
66,2011,Alabama,unknown,unknown,unknown,unknown,American Indian/Alaska Native,4,2,7,6,1
67,2011,Alabama,unknown,unknown,unknown,55 - 64,unknown,4,2,7,4,8
68,2011,Alabama,unknown,"$50,000 - $74,999",unknown,unknown,unknown,4,2,3,6,8
69,2011,Alabama,unknown,unknown,unknown,25 - 34,unknown,4,2,7,1,8
70,2011,Alabama,unknown,"$15,000 - $24,999",unknown,unknown,unknown,4,2,0,6,8
71,2011,Alabama,unknown,Data not reported,unknown,unknown,unknown,4,2,5,6,8
72,2011,Alabama,unknown,unknown,unknown,18 - 24,unknown,4,2,7,0,8
73,2011,Alabama,unknown,"$25,000 - $34,999",unknown,unknown,unknown,4,2,1,6,8
74,2011,Alabama,unknown,unknown,unknown,unknown,Non-Hispanic White,4,2,7,6,6
75,2011,Alabama,High school graduate,unknown,unknown,unknown,unknown,1,2,7,6,8
76,2011,Alabama,unknown,unknown,unknown,45 - 54,unknown,4,2,7,3,8
77,2011,Alabama,unknown,unknown,Male,unknown,unknown,4,1,7,6,8
78,2011,Alabama,unknown,unknown,unknown,35 - 44,unknown,4,2,7,2,8
79,2011,Alabama,Less than high school,unknown,unknown,unknown,unknown,2,2,7,6,8
80,2011,Alabama,unknown,"Less than $15,000",unknown,unknown,unknown,4,2,6,6,8
81,2011,Alabama,unknown,unknown,unknown,unknown,Asian,4,2,7,6,2
82,2011,Alabama,unknown,unknown,unknown,unknown,Hawaiian/Pacific Islander,4,2,7,6,3
83,2011,Alabama,unknown,unknown,unknown,unknown,Other,4,2,7,6,7
84,2011,Alabama,unknown,unknown,unknown,unknown,unknown,4,2,7,6,8
85,2011,Alabama,unknown,unknown,Male,unknown,unknown,4,1,7,6,8
86,2011,Alabama,unknown,unknown,Female,unknown,unknown,4,0,7,6,8
87,2011,Alabama,Less than high school,unknown,unknown,unknown,unknown,2,2,7,6,8
88,2011,Alabama,High school graduate,unknown,unknown,unknown,unknown,1,2,7,6,8
89,2011,Alabama,Some college or technical school,unknown,unknown,unknown,unknown,3,2,7,6,8
90,2011,Alabama,College graduate,unknown,unknown,unknown,unknown,0,2,7,6,8
91,2011,Alabama,unknown,unknown,unknown,18 - 24,unknown,4,2,7,0,8
92,2011,Alabama,unknown,unknown,unknown,25 - 34,unknown,4,2,7,1,8
93,2011,Alabama,unknown,unknown,unknown,35 - 44,unknown,4,2,7,2,8
94,2011,Alabama,unknown,unknown,unknown,45 - 54,unknown,4,2,7,3,8
95,2011,Alabama,unknown,unknown,unknown,55 - 64,unknown,4,2,7,4,8
96,2011,Alabama,unknown,unknown,unknown,65 or older,unknown,4,2,7,5,8
97,2011,Alabama,unknown,"Less than $15,000",unknown,unknown,unknown,4,2,6,6,8
98,2011,Alabama,unknown,"$15,000 - $24,999",unknown,unknown,unknown,4,2,0,6,8
99,2011,Alabama,unknown,"$25,000 - $34,999",unknown,unknown,unknown,4,2,1,6,8
100,2011,Alabama,unknown,"$35,000 - $49,999",unknown,unknown,unknown,4,2,2,6,8
101,2011,Alabama,unknown,"$50,000 - $74,999",unknown,unknown,unknown,4,2,3,6,8
102,2011,Alabama,unknown,"$75,000 or greater",unknown,unknown,unknown,4,2,4,6,8
103,2011,Alabama,unknown,Data not reported,unknown,unknown,unknown,4,2,5,6,8
104,2011,Alabama,unknown,unknown,unknown,unknown,Non-Hispanic White,4,2,7,6,6
105,2011,Alabama,unknown,unknown,unknown,unknown,Non-Hispanic Black,4,2,7,6,5
106,2011,Alabama,unknown,unknown,unknown,unknown,Hispanic,4,2,7,6,4
107,2011,Alabama,unknown,unknown,unknown,unknown,Asian,4,2,7,6,2
108,2011,Alabama,College graduate,unknown,unknown,unknown,unknown,0,2,7,6,8
109,2011,Alabama,unknown,unknown,unknown,unknown,Hawaiian/Pacific Islander,4,2,7,6,3
110,2011,Alabama,unknown,unknown,unknown,unknown,American Indian/Alaska Native,4,2,7,6,1
111,2011,Alabama,unknown,unknown,unknown,unknown,2 or more races,4,2,7,6,0
112,2011,Alabama,unknown,unknown,unknown,unknown,Other,4,2,7,6,7
113,2011,Alabama,unknown,unknown,unknown,unknown,unknown,4,2,7,6,8
114,2011,Alabama,unknown,unknown,Male,unknown,unknown,4,1,7,6,8
115,2011,Alabama,unknown,unknown,Female,unknown,unknown,4,0,7,6,8
116,2011,Alabama,Less than high school,unknown,unknown,unknown,unknown,2,2,7,6,8
117,2011,Alabama,High school graduate,unknown,unknown,unknown,unknown,1,2,7,6,8
118,2011,Alabama,Some college or technical school,unknown,unknown,unknown,unknown,3,2,7,6,8
119,2011,Alabama,College graduate,unknown,unknown,unknown,unknown,0,2,7,6,8
120,2011,Alabama,unknown,unknown,unknown,18 - 24,unknown,4,2,7,0,8
121,2011,Alabama,unknown,unknown,unknown,25 - 34,unknown,4,2,7,1,8
122,2011,Alabama,unknown,unknown,unknown,35 - 44,unknown,4,2,7,2,8
123,2011,Alabama,Some college or technical school,unknown,unknown,unknown,unknown,3,2,7,6,8
124,2011,Alabama,unknown,unknown,unknown,45 - 54,unknown,4,2,7,3,8
125,2011,Alabama,unknown,unknown,unknown,55 - 64,unknown,4,2,7,4,8
126,2011,Alabama,unknown,unknown,unknown,55 - 64,unknown,4,2,7,4,8
127,2011,Alabama,unknown,unknown,unknown,65 or older,unknown,4,2,7,5,8
128,2011,Alabama,unknown,"Less than $15,000",unknown,unknown,unknown,4,2,6,6,8
129,2011,Alabama,unknown,"$15,000 - $24,999",unknown,unknown,unknown,4,2,0,6,8
130,2011,Alabama,unknown,"$25,000 - $34,999",unknown,unknown,unknown,4,2,1,6,8
131,2011,Alabama,unknown,"$35,000 - $49,999",unknown,unknown,unknown,4,2,2,6,8
132,2011,Alabama,unknown,"$50,000 - $74,999",unknown,unknown,unknown,4,2,3,6,8
133,2011,Alabama,unknown,"$75,000 or greater",unknown,unknown,unknown,4,2,4,6,8
134,2011,Alabama,unknown,Data not reported,unknown,unknown,unknown,4,2,5,6,8
135,2011,Alabama,unknown,unknown,unknown,unknown,Non-Hispanic White,4,2,7,6,6
136,2011,Alabama,unknown,unknown,unknown,unknown,Non-Hispanic Black,4,2,7,6,5
137,2011,Alabama,unknown,unknown,unknown,unknown,Hispanic,4,2,7,6,4
138,2011,Alabama,unknown,unknown,unknown,unknown,Asian,4,2,7,6,2
139,2011,Alabama,unknown,unknown,unknown,unknown,Hawaiian/Pacific Islander,4,2,7,6,3
140,2011,Alabama,unknown,unknown,unknown,unknown,American Indian/Alaska Native,4,2,7,6,1
141,2011,Alabama,unknown,unknown,unknown,unknown,2 or more races,4,2,7,6,0
142,2011,Alabama,unknown,unknown,unknown,unknown,Other,4,2,7,6,7
143,2011,Alabama,unknown,unknown,unknown,unknown,unknown,4,2,7,6,8
144,2011,Alabama,unknown,unknown,Male,unknown,unknown,4,1,7,6,8
145,2011,Alabama,unknown,unknown,Female,unknown,unknown,4,0,7,6,8
146,2011,Alabama,Less than high school,unknown,unknown,unknown,unknown,2,2,7,6,8
147,2011,Alabama,High school graduate,unknown,unknown,unknown,unknown,1,2,7,6,8
148,2011,Alabama,Some college or technical school,unknown,unknown,unknown,unknown,3,2,7,6,8
149,2011,Alabama,College graduate,unknown,unknown,unknown,unknown,0,2,7,6,8
150,2011,Alabama,unknown,unknown,unknown,18 - 24,unknown,4,2,7,0,8
151,2011,Alabama,unknown,unknown,unknown,25 - 34,unknown,4,2,7,1,8
152,2011,Alabama,unknown,unknown,unknown,35 - 44,unknown,4,2,7,2,8
153,2011,Alabama,unknown,unknown,unknown,45 - 54,unknown,4,2,7,3,8
154,2011,Alabama,unknown,unknown,unknown,55 - 64,unknown,4,2,7,4,8
155,2011,Alabama,unknown,unknown,unknown,65 or older,unknown,4,2,7,5,8
156,2011,Alabama,unknown,"Less than $15,000",unknown,unknown,unknown,4,2,6,6,8
157,2011,Alabama,unknown,"$15,000 - $24,999",unknown,unknown,unknown,4,2,0,6,8
158,2011,Alabama,unknown,"$25,000 - $34,999",unknown,unknown,unknown,4,2,1,6,8
159,2011,Alabama,unknown,"$35,000 - $49,999",unknown,unknown,unknown,4,2,2,6,8
160,2011,Alabama,unknown,"$50,000 - $74,999",unknown,unknown,unknown,4,2,3,6,8
161,2011,Alabama,unknown,"$75,000 or greater",unknown,unknown,unknown,4,2,4,6,8
162,2011,Alabama,unknown,Data not reported,unknown,unknown,unknown,4,2,5,6,8
163,2011,Alabama,unknown,unknown,unknown,unknown,Non-Hispanic White,4,2,7,6,6
164,2011,Alabama,unknown,unknown,unknown,unknown,Non-Hispanic Black,4,2,7,6,5
165,2011,Alabama,unknown,unknown,unknown,unknown,Hispanic,4,2,7,6,4
166,2011,Alabama,unknown,unknown,unknown,unknown,Asian,4,2,7,6,2
167,2011,Alabama,unknown,unknown,unknown,unknown,Hawaiian/Pacific Islander,4,2,7,6,3
168,2011,Alabama,unknown,unknown,unknown,unknown,American Indian/Alaska Native,4,2,7,6,1
169,2011,Alabama,unknown,unknown,unknown,unknown,2 or more races,4,2,7,6,0
170,2011,Alabama,unknown,unknown,unknown,unknown,Other,4,2,7,6,7
171,2011,Alabama,unknown,unknown,unknown,unknown,unknown,4,2,7,6,8
172,2011,Alabama,unknown,unknown,Male,unknown,unknown,4,1,7,6,8
173,2011,Alabama,unknown,unknown,Female,unknown,unknown,4,0,7,6,8
174,2011,Alabama,Less than high school,unknown,unknown,unknown,unknown,2,2,7,6,8
175,2011,Alabama,High school graduate,unknown,unknown,unknown,unknown,1,2,7,6,8
176,2011,Alabama,Some college or technical school,unknown,unknown,unknown,unknown,3,2,7,6,8
177,2011,Alabama,College graduate,unknown,unknown,unknown,unknown,0,2,7,6,8
178,2011,Alabama,unknown,unknown,unknown,18 - 24,unknown,4,2,7,0,8
180,2011,Alabama,unknown,unknown,unknown,25 - 34,unknown,4,2,7,1,8
181,2011,Alabama,unknown,unknown,unknown,35 - 44,unknown,4,2,7,2,8
182,2011,Alabama,unknown,unknown,unknown,45 - 54,unknown,4,2,7,3,8
183,2011,Alabama,unknown,unknown,unknown,55 - 64,unknown,4,2,7,4,8
184,2011,Alabama,unknown,unknown,unknown,65 or older,unknown,4,2,7,5,8
185,2011,Alabama,unknown,"Less than $15,000",unknown,unknown,unknown,4,2,6,6,8
186,2011,Alabama,unknown,"$15,000 - $24,999",unknown,unknown,unknown,4,2,0,6,8
187,2011,Alabama,unknown,"$25,000 - $34,999",unknown,unknown,unknown,4,2,1,6,8
188,2011,Alabama,unknown,"$35,000 - $49,999",unknown,unknown,unknown,4,2,2,6,8
189,2011,Alabama,unknown,"$50,000 - $74,999",unknown,unknown,unknown,4,2,3,6,8
190,2011,Alabama,unknown,"$75,000 or greater",unknown,unknown,unknown,4,2,4,6,8
191,2011,Alabama,unknown,Data not reported,unknown,unknown,unknown,4,2,5,6,8
192,2011,Alabama,unknown,unknown,unknown,unknown,Non-Hispanic White,4,2,7,6,6
193,2011,Alabama,unknown,unknown,unknown,unknown,Non-Hispanic Black,4,2,7,6,5
194,2011,Alabama,unknown,unknown,unknown,unknown,Hispanic,4,2,7,6,4
195,2011,Alabama,unknown,unknown,unknown,unknown,Asian,4,2,7,6,2
196,2011,Alabama,unknown,unknown,unknown,unknown,Hawaiian/Pacific Islander,4,2,7,6,3
197,2011,Alabama,unknown,unknown,unknown,unknown,American Indian/Alaska Native,4,2,7,6,1
198,2011,Alabama,unknown,unknown,unknown,unknown,2 or more races,4,2,7,6,0
199,2011,Alabama,unknown,unknown,unknown,unknown,Other,4,2,7,6,7
200,2011,Alabama,unknown,"$25,000 - $34,999",unknown,unknown,unknown,4,2,1,6,8
201,2011,Alabama,unknown,unknown,unknown,unknown,unknown,4,2,7,6,8
202,2011,Alabama,unknown,unknown,Male,unknown,unknown,4,1,7,6,8
203,2011,Alabama,unknown,unknown,Female,unknown,unknown,4,0,7,6,8
204,2011,Alabama,Less than high school,unknown,unknown,unknown,unknown,2,2,7,6,8
205,2011,Alabama,High school graduate,unknown,unknown,unknown,unknown,1,2,7,6,8
206,2011,Alabama,unknown,unknown,unknown,18 - 24,unknown,4,2,7,0,8
207,2011,Alabama,unknown,"Less than $15,000",unknown,unknown,unknown,4,2,6,6,8
208,2011,Alabama,unknown,unknown,unknown,35 - 44,unknown,4,2,7,2,8
209,2011,Alabama,unknown,unknown,unknown,unknown,Other,4,2,7,6,7
210,2011,Alabama,unknown,unknown,unknown,unknown,American Indian/Alaska Native,4,2,7,6,1
211,2011,Alabama,unknown,unknown,unknown,unknown,Asian,4,2,7,6,2
212,2011,Alabama,unknown,unknown,unknown,unknown,Non-Hispanic Black,4,2,7,6,5
213,2011,Alabama,unknown,Data not reported,unknown,unknown,unknown,4,2,5,6,8
214,2011,Alabama,unknown,"$50,000 - $74,999",unknown,unknown,unknown,4,2,3,6,8
215,2011,Alabama,unknown,unknown,unknown,unknown,2 or more races,4,2,7,6,0
216,2011,Alabama,unknown,unknown,unknown,unknown,Hawaiian/Pacific Islander,4,2,7,6,3
217,2011,Alabama,unknown,unknown,unknown,unknown,Hispanic,4,2,7,6,4
218,2011,Alabama,unknown,unknown,unknown,unknown,Non-Hispanic White,4,2,7,6,6
219,2011,Alabama,unknown,"$75,000 or greater",unknown,unknown,unknown,4,2,4,6,8
220,2011,Alabama,unknown,"$35,000 - $49,999",unknown,unknown,unknown,4,2,2,6,8
221,2011,Alabama,unknown,"$15,000 - $24,999",unknown,unknown,unknown,4,2,0,6,8
222,2011,Alabama,unknown,unknown,unknown,65 or older,unknown,4,2,7,5,8
223,2011,Alabama,unknown,unknown,unknown,45 - 54,unknown,4,2,7,3,8
224,2011,Alabama,unknown,unknown,unknown,25 - 34,unknown,4,2,7,1,8
225,2011,Alabama,unknown,unknown,unknown,unknown,unknown,4,2,7,6,8
226,2011,Alabama,unknown,unknown,Male,unknown,unknown,4,1,7,6,8
227,2011,Alabama,unknown,unknown,Female,unknown,unknown,4,0,7,6,8
228,2011,Alabama,Less than high school,unknown,unknown,unknown,unknown,2,2,7,6,8
229,2011,Alabama,High school graduate,unknown,unknown,unknown,unknown,1,2,7,6,8
230,2011,Alabama,Some college or technical school,unknown,unknown,unknown,unknown,3,2,7,6,8
231,2011,Alabama,College graduate,unknown,unknown,unknown,unknown,0,2,7,6,8
232,2011,Alabama,unknown,unknown,unknown,18 - 24,unknown,4,2,7,0,8
233,2011,Alabama,unknown,unknown,unknown,25 - 34,unknown,4,2,7,1,8
234,2011,Alabama,unknown,unknown,unknown,35 - 44,unknown,4,2,7,2,8
235,2011,Alabama,unknown,unknown,unknown,45 - 54,unknown,4,2,7,3,8
236,2011,Alabama,unknown,unknown,unknown,55 - 64,unknown,4,2,7,4,8
237,2011,Alabama,unknown,unknown,unknown,65 or older,unknown,4,2,7,5,8
238,2011,Alabama,unknown,"Less than $15,000",unknown,unknown,unknown,4,2,6,6,8
239,2011,Alabama,unknown,"$15,000 - $24,999",unknown,unknown,unknown,4,2,0,6,8
240,2011,Alabama,unknown,"$25,000 - $34,999",unknown,unknown,unknown,4,2,1,6,8
241,2011,Alabama,unknown,"$35,000 - $49,999",unknown,unknown,unknown,4,2,2,6,8
242,2011,Alabama,unknown,"$50,000 - $74,999",unknown,unknown,unknown,4,2,3,6,8
244,2011,Alabama,unknown,"$75,000 or greater",unknown,unknown,unknown,4,2,4,6,8
245,2011,Alabama,unknown,Data not reported,unknown,unknown,unknown,4,2,5,6,8
246,2011,Alabama,unknown,unknown,unknown,unknown,Non-Hispanic White,4,2,7,6,6
247,2011,Alabama,unknown,unknown,unknown,unknown,Non-Hispanic Black,4,2,7,6,5
248,2011,Alabama,unknown,unknown,unknown,unknown,Hispanic,4,2,7,6,4
249,2011,Alabama,unknown,unknown,unknown,unknown,Asian,4,2,7,6,2
250,2011,Alabama,unknown,unknown,unknown,unknown,Hawaiian/Pacific Islander,4,2,7,6,3
251,2011,Alabama,unknown,unknown,unknown,unknown,American Indian/Alaska Native,4,2,7,6,1
252,2011,Alabama,unknown,unknown,unknown,unknown,2 or more races,4,2,7,6,0
253,2011,Alabama,unknown,unknown,unknown,unknown,Other,4,2,7,6,7
254,2012,Alabama,unknown,unknown,unknown,unknown,unknown,4,2,7,6,8
255,2012,Alabama,unknown,unknown,Male,unknown,unknown,4,1,7,6,8
256,2012,Alabama,unknown,unknown,Female,unknown,unknown,4,0,7,6,8
257,2012,Alabama,Less than high school,unknown,unknown,unknown,unknown,2,2,7,6,8
258,2012,Alabama,High school graduate,unknown,unknown,unknown,unknown,1,2,7,6,8
259,2012,Alabama,Some college or technical school,unknown,unknown,unknown,unknown,3,2,7,6,8
260,2012,Alabama,College graduate,unknown,unknown,unknown,unknown,0,2,7,6,8
261,2012,Alabama,unknown,unknown,unknown,18 - 24,unknown,4,2,7,0,8
262,2012,Alabama,unknown,unknown,unknown,25 - 34,unknown,4,2,7,1,8
263,2012,Alabama,unknown,unknown,unknown,35 - 44,unknown,4,2,7,2,8
264,2012,Alabama,unknown,unknown,unknown,45 - 54,unknown,4,2,7,3,8
265,2012,Alabama,unknown,unknown,unknown,55 - 64,unknown,4,2,7,4,8
266,2012,Alabama,unknown,unknown,unknown,65 or older,unknown,4,2,7,5,8
267,2012,Alabama,unknown,"Less than $15,000",unknown,unknown,unknown,4,2,6,6,8
268,2012,Alabama,unknown,"$15,000 - $24,999",unknown,unknown,unknown,4,2,0,6,8
269,2012,Alabama,unknown,"$25,000 - $34,999",unknown,unknown,unknown,4,2,1,6,8
270,2012,Alabama,unknown,"$35,000 - $49,999",unknown,unknown,unknown,4,2,2,6,8
271,2012,Alabama,unknown,"$50,000 - $74,999",unknown,unknown,unknown,4,2,3,6,8
272,2012,Alabama,unknown,"$75,000 or greater",unknown,unknown,unknown,4,2,4,6,8
273,2012,Alabama,unknown,Data not reported,unknown,unknown,unknown,4,2,5,6,8
274,2012,Alabama,unknown,unknown,unknown,unknown,Non-Hispanic White,4,2,7,6,6
275,2012,Alabama,unknown,unknown,unknown,unknown,Non-Hispanic Black,4,2,7,6,5
276,2012,Alabama,unknown,unknown,unknown,unknown,Hispanic,4,2,7,6,4
277,2012,Alabama,unknown,unknown,Female,unknown,unknown,4,0,7,6,8
278,2012,Alabama,unknown,unknown,unknown,unknown,Asian,4,2,7,6,2
279,2012,Alabama,unknown,unknown,unknown,unknown,Hawaiian/Pacific Islander,4,2,7,6,3
280,2012,Alabama,unknown,unknown,unknown,unknown,American Indian/Alaska Native,4,2,7,6,1
281,2012,Alabama,unknown,unknown,unknown,unknown,2 or more races,4,2,7,6,0
282,2012,Alabama,unknown,unknown,unknown,unknown,Other,4,2,7,6,7
283,2012,Alabama,unknown,unknown,Male,unknown,unknown,4,1,7,6,8
284,2012,Alabama,unknown,unknown,Female,unknown,unknown,4,0,7,6,8
285,2012,Alabama,Less than high school,unknown,unknown,unknown,unknown,2,2,7,6,8
286,2012,Alabama,High school graduate,unknown,unknown,unknown,unknown,1,2,7,6,8
287,2012,Alabama,Some college or technical school,unknown,unknown,unknown,unknown,3,2,7,6,8
288,2012,Alabama,College graduate,unknown,unknown,unknown,unknown,0,2,7,6,8
289,2012,Alabama,unknown,unknown,unknown,18 - 24,unknown,4,2,7,0,8
290,2012,Alabama,unknown,unknown,unknown,25 - 34,unknown,4,2,7,1,8
291,2012,Alabama,unknown,unknown,unknown,35 - 44,unknown,4,2,7,2,8
292,2012,Alabama,unknown,unknown,unknown,45 - 54,unknown,4,2,7,3,8
293,2012,Alabama,unknown,unknown,unknown,55 - 64,unknown,4,2,7,4,8
294,2012,Alabama,unknown,unknown,unknown,65 or older,unknown,4,2,7,5,8
295,2012,Alabama,unknown,"Less than $15,000",unknown,unknown,unknown,4,2,6,6,8
296,2012,Alabama,unknown,"$15,000 - $24,999",unknown,unknown,unknown,4,2,0,6,8
297,2012,Alabama,unknown,"$25,000 - $34,999",unknown,unknown,unknown,4,2,1,6,8
298,2012,Alabama,unknown,"$35,000 - $49,999",unknown,unknown,unknown,4,2,2,6,8
299,2014,Alabama,unknown,unknown,Female,unknown,unknown,4,0,7,6,8
300,2012,Alabama,unknown,"$50,000 - $74,999",unknown,unknown,unknown,4,2,3,6,8
301,2012,Alabama,unknown,"$75,000 or greater",unknown,unknown,unknown,4,2,4,6,8
302,2012,Alabama,unknown,Data not reported,unknown,unknown,unknown,4,2,5,6,8
303,2012,Alabama,unknown,unknown,unknown,unknown,Non-Hispanic White,4,2,7,6,6
304,2012,Alabama,unknown,unknown,unknown,unknown,Non-Hispanic Black,4,2,7,6,5
305,2012,Alabama,unknown,unknown,unknown,unknown,Hispanic,4,2,7,6,4
306,2012,Alabama,unknown,unknown,unknown,unknown,Asian,4,2,7,6,2
307,2012,Alabama,unknown,unknown,unknown,unknown,Hawaiian/Pacific Islander,4,2,7,6,3
308,2012,Alabama,unknown,unknown,unknown,unknown,American Indian/Alaska Native,4,2,7,6,1
309,2012,Alabama,unknown,unknown,unknown,unknown,2 or more races,4,2,7,6,0
310,2012,Alabama,unknown,unknown,unknown,unknown,Other,4,2,7,6,7
312,2012,Alabama,unknown,unknown,unknown,unknown,unknown,4,2,7,6,8
313,2012,Alabama,unknown,unknown,unknown,unknown,unknown,4,2,7,6,8
314,2012,Alabama,unknown,unknown,Male,unknown,unknown,4,1,7,6,8
315,2012,Alabama,Less than high school,unknown,unknown,unknown,unknown,2,2,7,6,8
316,2012,Alabama,High school graduate,unknown,unknown,unknown,unknown,1,2,7,6,8
317,2012,Alabama,Some college or technical school,unknown,unknown,unknown,unknown,3,2,7,6,8
318,2012,Alabama,College graduate,unknown,unknown,unknown,unknown,0,2,7,6,8
319,2012,Alabama,unknown,unknown,unknown,18 - 24,unknown,4,2,7,0,8
320,2012,Alabama,unknown,unknown,unknown,25 - 34,unknown,4,2,7,1,8
321,2012,Alabama,unknown,unknown,unknown,35 - 44,unknown,4,2,7,2,8
322,2012,Alabama,unknown,unknown,unknown,45 - 54,unknown,4,2,7,3,8
323,2012,Alabama,unknown,unknown,unknown,55 - 64,unknown,4,2,7,4,8
324,2012,Alabama,unknown,unknown,unknown,65 or older,unknown,4,2,7,5,8
325,2012,Alabama,unknown,"Less than $15,000",unknown,unknown,unknown,4,2,6,6,8
326,2012,Alabama,unknown,"$15,000 - $24,999",unknown,unknown,unknown,4,2,0,6,8
327,2012,Alabama,unknown,"$25,000 - $34,999",unknown,unknown,unknown,4,2,1,6,8
328,2012,Alabama,unknown,"$35,000 - $49,999",unknown,unknown,unknown,4,2,2,6,8
329,2012,Alabama,unknown,"$50,000 - $74,999",unknown,unknown,unknown,4,2,3,6,8
330,2012,Alabama,unknown,"$75,000 or greater",unknown,unknown,unknown,4,2,4,6,8
331,2012,Alabama,unknown,Data not reported,unknown,unknown,unknown,4,2,5,6,8
332,2012,Alabama,unknown,unknown,unknown,unknown,Non-Hispanic White,4,2,7,6,6
333,2012,Alabama,unknown,unknown,unknown,unknown,Non-Hispanic Black,4,2,7,6,5
334,2012,Alabama,unknown,unknown,unknown,unknown,Hispanic,4,2,7,6,4
335,2012,Alabama,unknown,unknown,unknown,unknown,Asian,4,2,7,6,2
336,2012,Alabama,unknown,unknown,unknown,unknown,Hawaiian/Pacific Islander,4,2,7,6,3
337,2012,Alabama,unknown,unknown,unknown,unknown,American Indian/Alaska Native,4,2,7,6,1
338,2012,Alabama,unknown,unknown,unknown,unknown,2 or more races,4,2,7,6,0
339,2012,Alabama,unknown,unknown,unknown,unknown,Other,4,2,7,6,7
340,2013,Alabama,unknown,unknown,unknown,unknown,unknown,4,2,7,6,8
341,2013,Alabama,unknown,unknown,Male,unknown,unknown,4,1,7,6,8
342,2013,Alabama,unknown,unknown,Female,unknown,unknown,4,0,7,6,8
343,2013,Alabama,Less than high school,unknown,unknown,unknown,unknown,2,2,7,6,8
344,2013,Alabama,High school graduate,unknown,unknown,unknown,unknown,1,2,7,6,8
345,2013,Alabama,Some college or technical school,unknown,unknown,unknown,unknown,3,2,7,6,8
346,2013,Alabama,College graduate,unknown,unknown,unknown,unknown,0,2,7,6,8
347,2013,Alabama,unknown,unknown,unknown,18 - 24,unknown,4,2,7,0,8
348,2013,Alabama,unknown,unknown,unknown,25 - 34,unknown,4,2,7,1,8
349,2013,Alabama,unknown,unknown,unknown,35 - 44,unknown,4,2,7,2,8
350,2013,Alabama,unknown,unknown,unknown,45 - 54,unknown,4,2,7,3,8
351,2013,Alabama,unknown,unknown,unknown,55 - 64,unknown,4,2,7,4,8
352,2013,Alabama,unknown,unknown,unknown,65 or older,unknown,4,2,7,5,8
353,2013,Alabama,unknown,"Less than $15,000",unknown,unknown,unknown,4,2,6,6,8
354,2014,Alabama,unknown,unknown,unknown,55 - 64,unknown,4,2,7,4,8
355,2013,Alabama,unknown,"$15,000 - $24,999",unknown,unknown,unknown,4,2,0,6,8
356,2013,Alabama,unknown,"$25,000 - $34,999",unknown,unknown,unknown,4,2,1,6,8
357,2013,Alabama,unknown,"$35,000 - $49,999",unknown,unknown,unknown,4,2,2,6,8
358,2013,Alabama,unknown,"$50,000 - $74,999",unknown,unknown,unknown,4,2,3,6,8
359,2013,Alabama,unknown,"$75,000 or greater",unknown,unknown,unknown,4,2,4,6,8
360,2013,Alabama,unknown,Data not reported,unknown,unknown,unknown,4,2,5,6,8
361,2013,Alabama,unknown,unknown,unknown,unknown,Non-Hispanic White,4,2,7,6,6
362,2013,Alabama,unknown,unknown,unknown,unknown,Non-Hispanic Black,4,2,7,6,5
363,2013,Alabama,unknown,unknown,unknown,unknown,Hispanic,4,2,7,6,4
364,2013,Alabama,unknown,unknown,unknown,unknown,Asian,4,2,7,6,2
365,2013,Alabama,unknown,unknown,unknown,unknown,Hawaiian/Pacific Islander,4,2,7,6,3
366,2013,Alabama,unknown,unknown,unknown,unknown,American Indian/Alaska Native,4,2,7,6,1
367,2013,Alabama,unknown,unknown,unknown,unknown,2 or more races,4,2,7,6,0
368,2013,Alabama,unknown,unknown,unknown,unknown,Other,4,2,7,6,7
369,2013,Alabama,unknown,unknown,unknown,unknown,unknown,4,2,7,6,8
370,2013,Alabama,unknown,unknown,Male,unknown,unknown,4,1,7,6,8
371,2013,Alabama,unknown,unknown,Female,unknown,unknown,4,0,7,6,8
372,2013,Alabama,Less than high school,unknown,unknown,unknown,unknown,2,2,7,6,8
373,2013,Alabama,High school graduate,unknown,unknown,unknown,unknown,1,2,7,6,8
374,2013,Alabama,Some college or technical school,unknown,unknown,unknown,unknown,3,2,7,6,8
375,2013,Alabama,College graduate,unknown,unknown,unknown,unknown,0,2,7,6,8
376,2013,Alabama,unknown,unknown,unknown,18 - 24,unknown,4,2,7,0,8
377,2013,Alabama,unknown,unknown,unknown,25 - 34,unknown,4,2,7,1,8
378,2013,Alabama,unknown,unknown,unknown,35 - 44,unknown,4,2,7,2,8
379,2013,Alabama,unknown,unknown,unknown,45 - 54,unknown,4,2,7,3,8
380,2013,Alabama,unknown,unknown,unknown,55 - 64,unknown,4,2,7,4,8
381,2013,Alabama,unknown,unknown,unknown,65 or older,unknown,4,2,7,5,8
382,2013,Alabama,unknown,"Less than $15,000",unknown,unknown,unknown,4,2,6,6,8
383,2013,Alabama,unknown,"$15,000 - $24,999",unknown,unknown,unknown,4,2,0,6,8
384,2013,Alabama,unknown,"$25,000 - $34,999",unknown,unknown,unknown,4,2,1,6,8
385,2013,Alabama,unknown,"$35,000 - $49,999",unknown,unknown,unknown,4,2,2,6,8
386,2013,Alabama,unknown,"$50,000 - $74,999",unknown,unknown,unknown,4,2,3,6,8
388,2013,Alabama,unknown,"$75,000 or greater",unknown,unknown,unknown,4,2,4,6,8
389,2013,Alabama,unknown,Data not reported,unknown,unknown,unknown,4,2,5,6,8
390,2013,Alabama,unknown,unknown,unknown,unknown,Non-Hispanic White,4,2,7,6,6
391,2013,Alabama,unknown,unknown,unknown,unknown,Non-Hispanic Black,4,2,7,6,5
392,2013,Alabama,unknown,unknown,unknown,unknown,Hispanic,4,2,7,6,4
393,2013,Alabama,unknown,unknown,unknown,unknown,Asian,4,2,7,6,2
394,2013,Alabama,unknown,unknown,unknown,unknown,Hawaiian/Pacific Islander,4,2,7,6,3
395,2013,Alabama,unknown,unknown,unknown,unknown,American Indian/Alaska Native,4,2,7,6,1
396,2013,Alabama,unknown,unknown,unknown,unknown,2 or more races,4,2,7,6,0
397,2013,Alabama,unknown,unknown,unknown,unknown,Other,4,2,7,6,7
398,2013,Alabama,High school graduate,unknown,unknown,unknown,unknown,1,2,7,6,8
399,2013,Alabama,Some college or technical school,unknown,unknown,unknown,unknown,3,2,7,6,8
400,2013,Alabama,College graduate,unknown,unknown,unknown,unknown,0,2,7,6,8
401,2013,Alabama,unknown,unknown,unknown,18 - 24,unknown,4,2,7,0,8
402,2013,Alabama,unknown,unknown,unknown,25 - 34,unknown,4,2,7,1,8
403,2013,Alabama,unknown,unknown,unknown,35 - 44,unknown,4,2,7,2,8
404,2013,Alabama,unknown,unknown,unknown,45 - 54,unknown,4,2,7,3,8
405,2013,Alabama,unknown,unknown,unknown,55 - 64,unknown,4,2,7,4,8
406,2013,Alabama,unknown,unknown,unknown,65 or older,unknown,4,2,7,5,8
407,2013,Alabama,unknown,"Less than $15,000",unknown,unknown,unknown,4,2,6,6,8
408,2013,Alabama,unknown,"$15,000 - $24,999",unknown,unknown,unknown,4,2,0,6,8
409,2013,Alabama,unknown,"$25,000 - $34,999",unknown,unknown,unknown,4,2,1,6,8
410,2013,Alabama,unknown,"$35,000 - $49,999",unknown,unknown,unknown,4,2,2,6,8
411,2013,Alabama,unknown,"$50,000 - $74,999",unknown,unknown,unknown,4,2,3,6,8
412,2013,Alabama,unknown,"$75,000 or greater",unknown,unknown,unknown,4,2,4,6,8
413,2013,Alabama,unknown,Data not reported,unknown,unknown,unknown,4,2,5,6,8
414,2013,Alabama,unknown,unknown,unknown,unknown,Non-Hispanic White,4,2,7,6,6
415,2013,Alabama,unknown,unknown,unknown,unknown,Non-Hispanic Black,4,2,7,6,5
416,2013,Alabama,unknown,unknown,unknown,unknown,Hispanic,4,2,7,6,4
417,2013,Alabama,unknown,unknown,unknown,unknown,Asian,4,2,7,6,2
418,2013,Alabama,unknown,unknown,unknown,unknown,Hawaiian/Pacific Islander,4,2,7,6,3
419,2013,Alabama,unknown,unknown,unknown,unknown,American Indian/Alaska Native,4,2,7,6,1
420,2013,Alabama,unknown,unknown,unknown,unknown,2 or more races,4,2,7,6,0
421,2013,Alabama,unknown,unknown,unknown,unknown,Other,4,2,7,6,7
422,2013,Alabama,unknown,unknown,Female,unknown,unknown,4,0,7,6,8
424,2013,Alabama,Less than high school,unknown,unknown,unknown,unknown,2,2,7,6,8
425,2013,Alabama,unknown,unknown,Male,unknown,unknown,4,1,7,6,8
426,2013,Alabama,unknown,unknown,unknown,unknown,unknown,4,2,7,6,8
427,2013,Alabama,unknown,unknown,unknown,unknown,2 or more races,4,2,7,6,0
428,2014,Alabama,unknown,unknown,Male,unknown,unknown,4,1,7,6,8
429,2013,Alabama,unknown,"$75,000 or greater",unknown,unknown,unknown,4,2,4,6,8
430,2013,Alabama,unknown,unknown,unknown,55 - 64,unknown,4,2,7,4,8
431,2013,Alabama,High school graduate,unknown,unknown,unknown,unknown,1,2,7,6,8
432,2013,Alabama,unknown,Data not reported,unknown,unknown,unknown,4,2,5,6,8
433,2013,Alabama,unknown,unknown,unknown,65 or older,unknown,4,2,7,5,8
434,2013,Alabama,Some college or technical school,unknown,unknown,unknown,unknown,3,2,7,6,8
435,2013,Alabama,unknown,unknown,unknown,unknown,Other,4,2,7,6,7
436,2013,Alabama,Less than high school,unknown,unknown,unknown,unknown,2,2,7,6,8
437,2013,Alabama,unknown,unknown,unknown,unknown,unknown,4,2,7,6,8
438,2013,Alabama,unknown,unknown,unknown,unknown,American Indian/Alaska Native,4,2,7,6,1
439,2013,Alabama,unknown,"$50,000 - $74,999",unknown,unknown,unknown,4,2,3,6,8
440,2013,Alabama,unknown,unknown,unknown,45 - 54,unknown,4,2,7,3,8
441,2013,Alabama,unknown,unknown,unknown,unknown,Asian,4,2,7,6,2
442,2013,Alabama,unknown,unknown,unknown,unknown,Hawaiian/Pacific Islander,4,2,7,6,3
443,2013,Alabama,unknown,"$25,000 - $34,999",unknown,unknown,unknown,4,2,1,6,8
444,2013,Alabama,unknown,"$35,000 - $49,999",unknown,unknown,unknown,4,2,2,6,8
445,2013,Alabama,unknown,unknown,Male,unknown,unknown,4,1,7,6,8
447,2013,Alabama,unknown,unknown,Female,unknown,unknown,4,0,7,6,8
448,2013,Alabama,unknown,unknown,unknown,25 - 34,unknown,4,2,7,1,8
449,2013,Alabama,unknown,unknown,unknown,35 - 44,unknown,4,2,7,2,8
450,2013,Alabama,unknown,"Less than $15,000",unknown,unknown,unknown,4,2,6,6,8
451,2013,Alabama,unknown,unknown,unknown,unknown,Non-Hispanic White,4,2,7,6,6
452,2013,Alabama,College graduate,unknown,unknown,unknown,unknown,0,2,7,6,8
453,2013,Alabama,unknown,"$15,000 - $24,999",unknown,unknown,unknown,4,2,0,6,8
454,2013,Alabama,unknown,unknown,unknown,18 - 24,unknown,4,2,7,0,8
455,2013,Alabama,unknown,unknown,unknown,unknown,Non-Hispanic Black,4,2,7,6,5
456,2013,Alabama,unknown,unknown,unknown,unknown,Hispanic,4,2,7,6,4
457,2013,Alabama,unknown,unknown,unknown,18 - 24,unknown,4,2,7,0,8
458,2013,Alabama,unknown,unknown,unknown,25 - 34,unknown,4,2,7,1,8
459,2013,Alabama,unknown,unknown,unknown,35 - 44,unknown,4,2,7,2,8
460,2013,Alabama,unknown,unknown,unknown,45 - 54,unknown,4,2,7,3,8
461,2013,Alabama,unknown,unknown,unknown,55 - 64,unknown,4,2,7,4,8
462,2013,Alabama,unknown,unknown,unknown,65 or older,unknown,4,2,7,5,8
463,2013,Alabama,unknown,"Less than $15,000",unknown,unknown,unknown,4,2,6,6,8
464,2013,Alabama,unknown,"$15,000 - $24,999",unknown,unknown,unknown,4,2,0,6,8
465,2013,Alabama,unknown,"$75,000 or greater",unknown,unknown,unknown,4,2,4,6,8
466,2013,Alabama,unknown,Data not reported,unknown,unknown,unknown,4,2,5,6,8
467,2013,Alabama,unknown,unknown,unknown,unknown,Non-Hispanic White,4,2,7,6,6
468,2013,Alabama,unknown,unknown,unknown,unknown,Non-Hispanic Black,4,2,7,6,5
470,2013,Alabama,unknown,unknown,unknown,unknown,Hispanic,4,2,7,6,4
471,2013,Alabama,unknown,unknown,unknown,unknown,Asian,4,2,7,6,2
472,2013,Alabama,unknown,unknown,unknown,unknown,Hawaiian/Pacific Islander,4,2,7,6,3
473,2013,Alabama,unknown,unknown,unknown,unknown,American Indian/Alaska Native,4,2,7,6,1
474,2013,Alabama,unknown,unknown,unknown,unknown,2 or more races,4,2,7,6,0
475,2013,Alabama,unknown,unknown,unknown,unknown,Other,4,2,7,6,7
476,2013,Alabama,unknown,"$25,000 - $34,999",unknown,unknown,unknown,4,2,1,6,8
477,2013,Alabama,Some college or technical school,unknown,unknown,unknown,unknown,3,2,7,6,8
478,2013,Alabama,unknown,"$35,000 - $49,999",unknown,unknown,unknown,4,2,2,6,8
479,2013,Alabama,unknown,"$50,000 - $74,999",unknown,unknown,unknown,4,2,3,6,8
480,2013,Alabama,unknown,unknown,unknown,unknown,unknown,4,2,7,6,8
481,2013,Alabama,unknown,unknown,Male,unknown,unknown,4,1,7,6,8
482,2013,Alabama,unknown,unknown,Female,unknown,unknown,4,0,7,6,8
483,2013,Alabama,Less than high school,unknown,unknown,unknown,unknown,2,2,7,6,8
484,2013,Alabama,High school graduate,unknown,unknown,unknown,unknown,1,2,7,6,8
485,2013,Alabama,Some college or technical school,unknown,unknown,unknown,unknown,3,2,7,6,8
486,2013,Alabama,College graduate,unknown,unknown,unknown,unknown,0,2,7,6,8
487,2013,Alabama,unknown,unknown,unknown,unknown,unknown,4,2,7,6,8
488,2013,Alabama,unknown,unknown,Male,unknown,unknown,4,1,7,6,8
489,2013,Alabama,unknown,unknown,Female,unknown,unknown,4,0,7,6,8
490,2013,Alabama,Less than high school,unknown,unknown,unknown,unknown,2,2,7,6,8
491,2013,Alabama,High school graduate,unknown,unknown,unknown,unknown,1,2,7,6,8
492,2013,Alabama,Some college or technical school,unknown,unknown,unknown,unknown,3,2,7,6,8
493,2013,Alabama,College graduate,unknown,unknown,unknown,unknown,0,2,7,6,8
494,2013,Alabama,unknown,unknown,unknown,18 - 24,unknown,4,2,7,0,8
495,2013,Alabama,unknown,unknown,unknown,25 - 34,unknown,4,2,7,1,8
496,2013,Alabama,unknown,unknown,unknown,35 - 44,unknown,4,2,7,2,8
497,2013,Alabama,unknown,unknown,unknown,45 - 54,unknown,4,2,7,3,8
498,2013,Alabama,unknown,unknown,unknown,55 - 64,unknown,4,2,7,4,8
499,2013,Alabama,unknown,unknown,unknown,65 or older,unknown,4,2,7,5,8
500,2013,Alabama,unknown,"Less than $15,000",unknown,unknown,unknown,4,2,6,6,8
501,2013,Alabama,unknown,"$15,000 - $24,999",unknown,unknown,unknown,4,2,0,6,8
502,2013,Alabama,unknown,"$25,000 - $34,999",unknown,unknown,unknown,4,2,1,6,8
503,2013,Alabama,unknown,"$35,000 - $49,999",unknown,unknown,unknown,4,2,2,6,8
504,2013,Alabama,unknown,"$50,000 - $74,999",unknown,unknown,unknown,4,2,3,6,8
505,2013,Alabama,unknown,"$75,000 or greater",unknown,unknown,unknown,4,2,4,6,8
506,2013,Alabama,unknown,Data not reported,unknown,unknown,unknown,4,2,5,6,8
507,2013,Alabama,unknown,unknown,unknown,unknown,Non-Hispanic White,4,2,7,6,6
508,2013,Alabama,unknown,unknown,unknown,unknown,Non-Hispanic Black,4,2,7,6,5
509,2013,Alabama,unknown,unknown,unknown,unknown,Hispanic,4,2,7,6,4
510,2013,Alabama,unknown,unknown,unknown,unknown,Asian,4,2,7,6,2
511,2013,Alabama,unknown,unknown,unknown,unknown,Hawaiian/Pacific Islander,4,2,7,6,3
512,2013,Alabama,unknown,unknown,unknown,unknown,American Indian/Alaska Native,4,2,7,6,1
513,2013,Alabama,unknown,unknown,unknown,25 - 34,unknown,4,2,7,1,8
514,2013,Alabama,unknown,unknown,unknown,unknown,2 or more races,4,2,7,6,0
515,2013,Alabama,unknown,unknown,unknown,unknown,Other,4,2,7,6,7
516,2013,Alabama,unknown,unknown,unknown,unknown,unknown,4,2,7,6,8
517,2013,Alabama,unknown,unknown,unknown,unknown,Hispanic,4,2,7,6,4
518,2013,Alabama,unknown,unknown,unknown,unknown,Asian,4,2,7,6,2
519,2013,Alabama,unknown,unknown,unknown,unknown,Hawaiian/Pacific Islander,4,2,7,6,3
520,2013,Alabama,unknown,unknown,unknown,unknown,American Indian/Alaska Native,4,2,7,6,1
521,2013,Alabama,unknown,unknown,unknown,unknown,2 or more races,4,2,7,6,0
522,2013,Alabama,unknown,unknown,unknown,unknown,Other,4,2,7,6,7
523,2013,Alabama,unknown,unknown,unknown,35 - 44,unknown,4,2,7,2,8
524,2013,Alabama,unknown,unknown,unknown,45 - 54,unknown,4,2,7,3,8
525,2013,Alabama,unknown,unknown,unknown,55 - 64,unknown,4,2,7,4,8
526,2013,Alabama,unknown,unknown,unknown,65 or older,unknown,4,2,7,5,8
527,2013,Alabama,unknown,"Less than $15,000",unknown,unknown,unknown,4,2,6,6,8
528,2013,Alabama,unknown,"Less than $15,000",unknown,unknown,unknown,4,2,6,6,8
529,2013,Alabama,unknown,"$15,000 - $24,999",unknown,unknown,unknown,4,2,0,6,8
530,2013,Alabama,unknown,"$25,000 - $34,999",unknown,unknown,unknown,4,2,1,6,8
531,2013,Alabama,unknown,"$35,000 - $49,999",unknown,unknown,unknown,4,2,2,6,8
532,2013,Alabama,unknown,"$50,000 - $74,999",unknown,unknown,unknown,4,2,3,6,8
533,2013,Alabama,unknown,"$75,000 or greater",unknown,unknown,unknown,4,2,4,6,8
534,2013,Alabama,unknown,Data not reported,unknown,unknown,unknown,4,2,5,6,8
535,2013,Alabama,unknown,unknown,unknown,unknown,Non-Hispanic White,4,2,7,6,6
536,2013,Alabama,unknown,unknown,unknown,unknown,Non-Hispanic Black,4,2,7,6,5
537,2013,Alabama,unknown,unknown,Male,unknown,unknown,4,1,7,6,8
538,2013,Alabama,unknown,unknown,Female,unknown,unknown,4,0,7,6,8
539,2013,Alabama,Less than high school,unknown,unknown,unknown,unknown,2,2,7,6,8
540,2013,Alabama,High school graduate,unknown,unknown,unknown,unknown,1,2,7,6,8
541,2013,Alabama,Some college or technical school,unknown,unknown,unknown,unknown,3,2,7,6,8
542,2013,Alabama,College graduate,unknown,unknown,unknown,unknown,0,2,7,6,8
543,2013,Alabama,unknown,unknown,unknown,18 - 24,unknown,4,2,7,0,8
544,2013,Alabama,unknown,unknown,unknown,25 - 34,unknown,4,2,7,1,8
545,2013,Alabama,unknown,unknown,Male,unknown,unknown,4,1,7,6,8
546,2013,Alabama,unknown,unknown,Female,unknown,unknown,4,0,7,6,8
547,2013,Alabama,Less than high school,unknown,unknown,unknown,unknown,2,2,7,6,8
548,2013,Alabama,High school graduate,unknown,unknown,unknown,unknown,1,2,7,6,8
549,2013,Alabama,College graduate,unknown,unknown,unknown,unknown,0,2,7,6,8
550,2013,Alabama,unknown,unknown,unknown,18 - 24,unknown,4,2,7,0,8
551,2013,Alabama,unknown,unknown,unknown,unknown,unknown,4,2,7,6,8
552,2013,Alabama,unknown,unknown,unknown,unknown,Hispanic,4,2,7,6,4
553,2013,Alabama,unknown,unknown,unknown,unknown,Asian,4,2,7,6,2
554,2013,Alabama,unknown,unknown,unknown,35 - 44,unknown,4,2,7,2,8
555,2013,Alabama,unknown,unknown,unknown,45 - 54,unknown,4,2,7,3,8
556,2013,Alabama,unknown,"$75,000 or greater",unknown,unknown,unknown,4,2,4,6,8
557,2013,Alabama,unknown,"$15,000 - $24,999",unknown,unknown,unknown,4,2,0,6,8
558,2013,Alabama,unknown,unknown,unknown,unknown,Other,4,2,7,6,7
559,2013,Alabama,unknown,unknown,unknown,unknown,Non-Hispanic Black,4,2,7,6,5
560,2013,Alabama,unknown,"$50,000 - $74,999",unknown,unknown,unknown,4,2,3,6,8
561,2013,Alabama,unknown,unknown,unknown,unknown,2 or more races,4,2,7,6,0
562,2013,Alabama,unknown,unknown,unknown,55 - 64,unknown,4,2,7,4,8
563,2013,Alabama,unknown,Data not reported,unknown,unknown,unknown,4,2,5,6,8
564,2013,Alabama,unknown,"$25,000 - $34,999",unknown,unknown,unknown,4,2,1,6,8
565,2013,Alabama,unknown,unknown,unknown,unknown,Hawaiian/Pacific Islander,4,2,7,6,3
566,2013,Alabama,unknown,unknown,unknown,65 or older,unknown,4,2,7,5,8
567,2013,Alabama,unknown,unknown,unknown,unknown,Non-Hispanic White,4,2,7,6,6
568,2013,Alabama,unknown,"$35,000 - $49,999",unknown,unknown,unknown,4,2,2,6,8
569,2013,Alabama,unknown,unknown,unknown,unknown,American Indian/Alaska Native,4,2,7,6,1
570,2013,Alabama,unknown,unknown,unknown,unknown,unknown,4,2,7,6,8
571,2013,Alabama,unknown,unknown,unknown,45 - 54,unknown,4,2,7,3,8
572,2013,Alabama,unknown,unknown,unknown,55 - 64,unknown,4,2,7,4,8
573,2013,Alabama,unknown,unknown,unknown,65 or older,unknown,4,2,7,5,8
574,2013,Alabama,unknown,"Less than $15,000",unknown,unknown,unknown,4,2,6,6,8
575,2013,Alabama,unknown,"$15,000 - $24,999",unknown,unknown,unknown,4,2,0,6,8
577,2013,Alabama,unknown,"$25,000 - $34,999",unknown,unknown,unknown,4,2,1,6,8
578,2013,Alabama,unknown,"$35,000 - $49,999",unknown,unknown,unknown,4,2,2,6,8
579,2013,Alabama,unknown,"$50,000 - $74,999",unknown,unknown,unknown,4,2,3,6,8
580,2013,Alabama,unknown,"$75,000 or greater",unknown,unknown,unknown,4,2,4,6,8
581,2013,Alabama,unknown,Data not reported,unknown,unknown,unknown,4,2,5,6,8
582,2013,Alabama,unknown,unknown,unknown,unknown,Non-Hispanic White,4,2,7,6,6
583,2013,Alabama,unknown,unknown,unknown,unknown,Non-Hispanic Black,4,2,7,6,5
584,2013,Alabama,unknown,unknown,unknown,unknown,Hispanic,4,2,7,6,4
585,2013,Alabama,unknown,unknown,unknown,unknown,Asian,4,2,7,6,2
586,2013,Alabama,unknown,unknown,unknown,unknown,Hawaiian/Pacific Islander,4,2,7,6,3
587,2013,Alabama,unknown,unknown,unknown,unknown,American Indian/Alaska Native,4,2,7,6,1
588,2013,Alabama,unknown,unknown,unknown,unknown,2 or more races,4,2,7,6,0
589,2013,Alabama,unknown,unknown,unknown,unknown,Other,4,2,7,6,7
590,2013,Alabama,unknown,unknown,unknown,35 - 44,unknown,4,2,7,2,8
591,2013,Alabama,unknown,unknown,Male,unknown,unknown,4,1,7,6,8
592,2013,Alabama,unknown,unknown,Female,unknown,unknown,4,0,7,6,8
593,2013,Alabama,Less than high school,unknown,unknown,unknown,unknown,2,2,7,6,8
594,2013,Alabama,High school graduate,unknown,unknown,unknown,unknown,1,2,7,6,8
595,2013,Alabama,Some college or technical school,unknown,unknown,unknown,unknown,3,2,7,6,8
596,2013,Alabama,College graduate,unknown,unknown,unknown,unknown,0,2,7,6,8
597,2013,Alabama,unknown,unknown,unknown,18 - 24,unknown,4,2,7,0,8
598,2013,Alabama,unknown,unknown,unknown,25 - 34,unknown,4,2,7,1,8
599,2014,Alabama,unknown,unknown,unknown,unknown,unknown,4,2,7,6,8
600,2014,Alabama,unknown,unknown,Male,unknown,unknown,4,1,7,6,8
601,2014,Alabama,Less than high school,unknown,unknown,unknown,unknown,2,2,7,6,8
602,2014,Alabama,High school graduate,unknown,unknown,unknown,unknown,1,2,7,6,8
603,2014,Alabama,Some college or technical school,unknown,unknown,unknown,unknown,3,2,7,6,8
604,2014,Alabama,College graduate,unknown,unknown,unknown,unknown,0,2,7,6,8
605,2014,Alabama,unknown,unknown,unknown,18 - 24,unknown,4,2,7,0,8
606,2014,Alabama,unknown,unknown,unknown,25 - 34,unknown,4,2,7,1,8
607,2014,Alabama,unknown,unknown,unknown,35 - 44,unknown,4,2,7,2,8
608,2014,Alabama,unknown,unknown,unknown,45 - 54,unknown,4,2,7,3,8
609,2014,Alabama,unknown,unknown,unknown,55 - 64,unknown,4,2,7,4,8
610,2014,Alabama,unknown,unknown,unknown,65 or older,unknown,4,2,7,5,8
611,2014,Alabama,unknown,"Less than $15,000",unknown,unknown,unknown,4,2,6,6,8
612,2014,Alabama,unknown,"$15,000 - $24,999",unknown,unknown,unknown,4,2,0,6,8
614,2014,Alabama,unknown,"$25,000 - $34,999",unknown,unknown,unknown,4,2,1,6,8
615,2014,Alabama,unknown,"$35,000 - $49,999",unknown,unknown,unknown,4,2,2,6,8
616,2014,Alabama,unknown,"$50,000 - $74,999",unknown,unknown,unknown,4,2,3,6,8
617,2014,Alabama,unknown,"$75,000 or greater",unknown,unknown,unknown,4,2,4,6,8
618,2014,Alabama,unknown,Data not reported,unknown,unknown,unknown,4,2,5,6,8
619,2014,Alabama,unknown,unknown,unknown,unknown,Non-Hispanic White,4,2,7,6,6
620,2014,Alabama,unknown,unknown,Female,unknown,unknown,4,0,7,6,8
621,2014,Alabama,unknown,unknown,unknown,unknown,Non-Hispanic Black,4,2,7,6,5
622,2014,Alabama,unknown,unknown,unknown,unknown,Hispanic,4,2,7,6,4
623,2014,Alabama,unknown,unknown,unknown,unknown,Asian,4,2,7,6,2
624,2014,Alabama,unknown,unknown,unknown,unknown,Hawaiian/Pacific Islander,4,2,7,6,3
625,2014,Alabama,unknown,unknown,unknown,unknown,American Indian/Alaska Native,4,2,7,6,1
626,2014,Alabama,unknown,unknown,unknown,unknown,2 or more races,4,2,7,6,0
627,2014,Alabama,unknown,unknown,unknown,unknown,Other,4,2,7,6,7
628,2014,Alabama,unknown,unknown,unknown,unknown,unknown,4,2,7,6,8
629,2014,Alabama,unknown,unknown,Male,unknown,unknown,4,1,7,6,8
630,2014,Alabama,unknown,unknown,Female,unknown,unknown,4,0,7,6,8
631,2014,Alabama,Less than high school,unknown,unknown,unknown,unknown,2,2,7,6,8
632,2014,Alabama,High school graduate,unknown,unknown,unknown,unknown,1,2,7,6,8
633,2014,Alabama,Some college or technical school,unknown,unknown,unknown,unknown,3,2,7,6,8
634,2014,Alabama,College graduate,unknown,unknown,unknown,unknown,0,2,7,6,8
635,2014,Alabama,unknown,unknown,unknown,18 - 24,unknown,4,2,7,0,8
636,2014,Alabama,unknown,unknown,unknown,25 - 34,unknown,4,2,7,1,8
637,2014,Alabama,unknown,unknown,unknown,35 - 44,unknown,4,2,7,2,8
638,2014,Alabama,unknown,unknown,unknown,45 - 54,unknown,4,2,7,3,8
639,2014,Alabama,unknown,unknown,unknown,65 or older,unknown,4,2,7,5,8
640,2014,Alabama,unknown,"Less than $15,000",unknown,unknown,unknown,4,2,6,6,8
641,2014,Alabama,unknown,"$15,000 - $24,999",unknown,unknown,unknown,4,2,0,6,8
642,2014,Alabama,unknown,"$25,000 - $34,999",unknown,unknown,unknown,4,2,1,6,8
643,2014,Alabama,unknown,"$35,000 - $49,999",unknown,unknown,unknown,4,2,2,6,8
644,2014,Alabama,unknown,"$50,000 - $74,999",unknown,unknown,unknown,4,2,3,6,8
645,2014,Alabama,unknown,"$75,000 or greater",unknown,unknown,unknown,4,2,4,6,8
646,2014,Alabama,unknown,Data not reported,unknown,unknown,unknown,4,2,5,6,8
647,2014,Alabama,unknown,unknown,unknown,unknown,Non-Hispanic White,4,2,7,6,6
648,2014,Alabama,unknown,unknown,unknown,unknown,Non-Hispanic Black,4,2,7,6,5
649,2014,Alabama,unknown,unknown,unknown,unknown,Hispanic,4,2,7,6,4
650,2014,Alabama,unknown,unknown,unknown,unknown,Asian,4,2,7,6,2
651,2014,Alabama,unknown,unknown,unknown,unknown,Hawaiian/Pacific Islander,4,2,7,6,3
652,2014,Alabama,unknown,unknown,unknown,unknown,American Indian/Alaska Native,4,2,7,6,1
653,2014,Alabama,unknown,unknown,unknown,unknown,2 or more races,4,2,7,6,0
654,2014,Alabama,unknown,unknown,unknown,unknown,Other,4,2,7,6,7
655,2014,Alabama,unknown,unknown,unknown,unknown,unknown,4,2,7,6,8
656,2014,Alabama,Less than high school,unknown,unknown,unknown,unknown,2,2,7,6,8
657,2014,Alabama,High school graduate,unknown,unknown,unknown,unknown,1,2,7,6,8
658,2014,Alabama,Some college or technical school,unknown,unknown,unknown,unknown,3,2,7,6,8
659,2014,Alabama,College graduate,unknown,unknown,unknown,unknown,0,2,7,6,8
660,2014,Alabama,unknown,unknown,unknown,18 - 24,unknown,4,2,7,0,8
661,2014,Alabama,unknown,unknown,unknown,25 - 34,unknown,4,2,7,1,8
662,2014,Alabama,unknown,unknown,unknown,35 - 44,unknown,4,2,7,2,8
663,2014,Alabama,unknown,unknown,unknown,45 - 54,unknown,4,2,7,3,8
664,2014,Alabama,unknown,unknown,unknown,55 - 64,unknown,4,2,7,4,8
665,2014,Alabama,unknown,unknown,unknown,65 or older,unknown,4,2,7,5,8
666,2014,Alabama,unknown,"Less than $15,000",unknown,unknown,unknown,4,2,6,6,8
667,2014,Alabama,unknown,"$15,000 - $24,999",unknown,unknown,unknown,4,2,0,6,8
668,2014,Alabama,unknown,"$25,000 - $34,999",unknown,unknown,unknown,4,2,1,6,8
669,2014,Alabama,unknown,"$35,000 - $49,999",unknown,unknown,unknown,4,2,2,6,8
670,2014,Alabama,unknown,"$50,000 - $74,999",unknown,unknown,unknown,4,2,3,6,8
671,2014,Alabama,unknown,"$75,000 or greater",unknown,unknown,unknown,4,2,4,6,8
672,2014,Alabama,unknown,Data not reported,unknown,unknown,unknown,4,2,5,6,8
673,2014,Alabama,unknown,unknown,unknown,unknown,Non-Hispanic White,4,2,7,6,6
674,2014,Alabama,unknown,unknown,unknown,unknown,Non-Hispanic Black,4,2,7,6,5
675,2014,Alabama,unknown,unknown,unknown,unknown,Hispanic,4,2,7,6,4
676,2014,Alabama,unknown,unknown,unknown,unknown,Asian,4,2,7,6,2
677,2014,Alabama,unknown,unknown,unknown,unknown,Hawaiian/Pacific Islander,4,2,7,6,3
678,2014,Alabama,unknown,unknown,unknown,unknown,American Indian/Alaska Native,4,2,7,6,1
679,2014,Alabama,unknown,unknown,unknown,unknown,2 or more races,4,2,7,6,0
680,2014,Alabama,unknown,unknown,unknown,unknown,Other,4,2,7,6,7
35173,2015,Alabama,unknown,unknown,unknown,35 - 44,unknown,4,2,7,2,8
35174,2015,Alabama,unknown,unknown,unknown,45 - 54,unknown,4,2,7,3,8
35175,2015,Alabama,College graduate,unknown,unknown,unknown,unknown,0,2,7,6,8
35176,2015,Alabama,Some college or technical school,unknown,unknown,unknown,unknown,3,2,7,6,8
35177,2015,Alabama,High school graduate,unknown,unknown,unknown,unknown,1,2,7,6,8
35178,2015,Alabama,Less than high school,unknown,unknown,unknown,unknown,2,2,7,6,8
35179,2015,Alabama,unknown,unknown,Female,unknown,unknown,4,0,7,6,8
35180,2015,Alabama,unknown,unknown,Male,unknown,unknown,4,1,7,6,8
35181,2015,Alabama,unknown,"$75,000 or greater",unknown,unknown,unknown,4,2,4,6,8
35182,2015,Alabama,unknown,"$35,000 - $49,999",unknown,unknown,unknown,4,2,2,6,8
35183,2015,Alabama,unknown,"$50,000 - $74,999",unknown,unknown,unknown,4,2,3,6,8
35184,2015,Alabama,unknown,Data not reported,unknown,unknown,unknown,4,2,5,6,8
35185,2015,Alabama,unknown,"$15,000 - $24,999",unknown,unknown,unknown,4,2,0,6,8
35186,2015,Alabama,unknown,"Less than $15,000",unknown,unknown,unknown,4,2,6,6,8
35187,2015,Alabama,unknown,"$25,000 - $34,999",unknown,unknown,unknown,4,2,1,6,8
35188,2015,Alabama,unknown,unknown,unknown,unknown,unknown,4,2,7,6,8
35189,2015,Alabama,unknown,unknown,unknown,unknown,Asian,4,2,7,6,2
35190,2015,Alabama,unknown,unknown,unknown,unknown,Hawaiian/Pacific Islander,4,2,7,6,3
35191,2015,Alabama,unknown,unknown,unknown,unknown,2 or more races,4,2,7,6,0
35192,2015,Alabama,unknown,unknown,unknown,unknown,American Indian/Alaska Native,4,2,7,6,1
35193,2015,Alabama,unknown,unknown,unknown,unknown,Hispanic,4,2,7,6,4
35194,2015,Alabama,unknown,unknown,unknown,unknown,Other,4,2,7,6,7
35195,2015,Alabama,unknown,unknown,unknown,unknown,Non-Hispanic Black,4,2,7,6,5
35196,2015,Alabama,unknown,unknown,unknown,unknown,Non-Hispanic White,4,2,7,6,6
35197,2015,Alabama,unknown,unknown,unknown,45 - 54,unknown,4,2,7,3,8
35198,2015,Alabama,unknown,unknown,unknown,55 - 64,unknown,4,2,7,4,8
35199,2015,Alabama,unknown,unknown,unknown,35 - 44,unknown,4,2,7,2,8
35200,2015,Alabama,unknown,unknown,unknown,65 or older,unknown,4,2,7,5,8
35201,2015,Alabama,unknown,unknown,unknown,25 - 34,unknown,4,2,7,1,8
35202,2015,Alabama,unknown,unknown,unknown,18 - 24,unknown,4,2,7,0,8
35203,2015,Alabama,College graduate,unknown,unknown,unknown,unknown,0,2,7,6,8
35204,2015,Alabama,Some college or technical school,unknown,unknown,unknown,unknown,3,2,7,6,8
35205,2015,Alabama,High school graduate,unknown,unknown,unknown,unknown,1,2,7,6,8
35206,2015,Alabama,Less than high school,unknown,unknown,unknown,unknown,2,2,7,6,8
35207,2015,Alabama,unknown,unknown,Female,unknown,unknown,4,0,7,6,8
35208,2015,Alabama,unknown,unknown,Male,unknown,unknown,4,1,7,6,8
35209,2015,Alabama,unknown,"$50,000 - $74,999",unknown,unknown,unknown,4,2,3,6,8
35210,2015,Alabama,unknown,"$75,000 or greater",unknown,unknown,unknown,4,2,4,6,8
35211,2015,Alabama,unknown,"$35,000 - $49,999",unknown,unknown,unknown,4,2,2,6,8
35212,2015,Alabama,unknown,"$25,000 - $34,999",unknown,unknown,unknown,4,2,1,6,8
35213,2015,Alabama,unknown,Data not reported,unknown,unknown,unknown,4,2,5,6,8
35214,2015,Alabama,unknown,"$15,000 - $24,999",unknown,unknown,unknown,4,2,0,6,8
35215,2015,Alabama,unknown,"Less than $15,000",unknown,unknown,unknown,4,2,6,6,8
35216,2015,Alabama,unknown,unknown,unknown,unknown,unknown,4,2,7,6,8
35217,2015,Alabama,unknown,unknown,unknown,unknown,Asian,4,2,7,6,2
35219,2015,Alabama,unknown,unknown,unknown,unknown,Hawaiian/Pacific Islander,4,2,7,6,3
35220,2015,Alabama,unknown,unknown,unknown,unknown,Other,4,2,7,6,7
35221,2015,Alabama,unknown,unknown,unknown,unknown,2 or more races,4,2,7,6,0
35222,2015,Alabama,unknown,unknown,unknown,unknown,Non-Hispanic White,4,2,7,6,6
35223,2015,Alabama,unknown,unknown,unknown,unknown,American Indian/Alaska Native,4,2,7,6,1
35224,2015,Alabama,unknown,unknown,unknown,unknown,Hispanic,4,2,7,6,4
35225,2015,Alabama,unknown,unknown,unknown,unknown,Non-Hispanic Black,4,2,7,6,5
37966,2015,Alabama,unknown,unknown,unknown,35 - 44,unknown,4,2,7,2,8
38209,2015,Alabama,unknown,unknown,unknown,45 - 54,unknown,4,2,7,3,8
38210,2015,Alabama,unknown,unknown,unknown,55 - 64,unknown,4,2,7,4,8
38211,2015,Alabama,unknown,unknown,unknown,35 - 44,unknown,4,2,7,2,8
38212,2015,Alabama,unknown,unknown,unknown,65 or older,unknown,4,2,7,5,8
38213,2015,Alabama,unknown,unknown,unknown,25 - 34,unknown,4,2,7,1,8
38214,2015,Alabama,unknown,unknown,unknown,18 - 24,unknown,4,2,7,0,8
38215,2015,Alabama,Less than high school,unknown,unknown,unknown,unknown,2,2,7,6,8
38216,2015,Alabama,High school graduate,unknown,unknown,unknown,unknown,1,2,7,6,8
38217,2015,Alabama,Some college or technical school,unknown,unknown,unknown,unknown,3,2,7,6,8
38218,2015,Alabama,College graduate,unknown,unknown,unknown,unknown,0,2,7,6,8
38219,2015,Alabama,unknown,unknown,Female,unknown,unknown,4,0,7,6,8
38220,2015,Alabama,unknown,unknown,Male,unknown,unknown,4,1,7,6,8
38221,2015,Alabama,unknown,"$15,000 - $24,999",unknown,unknown,unknown,4,2,0,6,8
38222,2015,Alabama,unknown,"Less than $15,000",unknown,unknown,unknown,4,2,6,6,8
38223,2015,Alabama,unknown,Data not reported,unknown,unknown,unknown,4,2,5,6,8
38224,2015,Alabama,unknown,"$25,000 - $34,999",unknown,unknown,unknown,4,2,1,6,8
38225,2015,Alabama,unknown,"$35,000 - $49,999",unknown,unknown,unknown,4,2,2,6,8
38226,2015,Alabama,unknown,"$50,000 - $74,999",unknown,unknown,unknown,4,2,3,6,8
38227,2015,Alabama,unknown,"$75,000 or greater",unknown,unknown,unknown,4,2,4,6,8
38228,2015,Alabama,unknown,unknown,unknown,unknown,unknown,4,2,7,6,8
38229,2015,Alabama,unknown,unknown,unknown,unknown,Asian,4,2,7,6,2
38230,2015,Alabama,unknown,unknown,unknown,unknown,Hawaiian/Pacific Islander,4,2,7,6,3
38231,2015,Alabama,unknown,unknown,unknown,unknown,Other,4,2,7,6,7
38232,2015,Alabama,unknown,unknown,unknown,unknown,Non-Hispanic Black,4,2,7,6,5
38233,2015,Alabama,unknown,unknown,unknown,unknown,Non-Hispanic White,4,2,7,6,6
38234,2015,Alabama,unknown,unknown,unknown,unknown,American Indian/Alaska Native,4,2,7,6,1
38235,2015,Alabama,unknown,unknown,unknown,unknown,Hispanic,4,2,7,6,4
38236,2015,Alabama,unknown,unknown,unknown,unknown,2 or more races,4,2,7,6,0
38237,2015,Alabama,unknown,unknown,unknown,65 or older,unknown,4,2,7,5,8
38238,2015,Alabama,unknown,unknown,unknown,55 - 64,unknown,4,2,7,4,8
38239,2015,Alabama,unknown,unknown,unknown,45 - 54,unknown,4,2,7,3,8
38240,2015,Alabama,unknown,unknown,unknown,35 - 44,unknown,4,2,7,2,8
38241,2015,Alabama,unknown,unknown,unknown,25 - 34,unknown,4,2,7,1,8
38242,2015,Alabama,unknown,unknown,unknown,18 - 24,unknown,4,2,7,0,8
38243,2015,Alabama,Less than high school,unknown,unknown,unknown,unknown,2,2,7,6,8
38244,2015,Alabama,High school graduate,unknown,unknown,unknown,unknown,1,2,7,6,8
38245,2015,Alabama,Some college or technical school,unknown,unknown,unknown,unknown,3,2,7,6,8
38246,2015,Alabama,College graduate,unknown,unknown,unknown,unknown,0,2,7,6,8
38247,2015,Alabama,unknown,unknown,Female,unknown,unknown,4,0,7,6,8
38248,2015,Alabama,unknown,unknown,Male,unknown,unknown,4,1,7,6,8
38249,2015,Alabama,unknown,"$15,000 - $24,999",unknown,unknown,unknown,4,2,0,6,8
38250,2015,Alabama,unknown,"Less than $15,000",unknown,unknown,unknown,4,2,6,6,8
38251,2015,Alabama,unknown,Data not reported,unknown,unknown,unknown,4,2,5,6,8
38252,2015,Alabama,unknown,"$25,000 - $34,999",unknown,unknown,unknown,4,2,1,6,8
38253,2015,Alabama,unknown,"$35,000 - $49,999",unknown,unknown,unknown,4,2,2,6,8
38254,2015,Alabama,unknown,"$50,000 - $74,999",unknown,unknown,unknown,4,2,3,6,8
38255,2015,Alabama,unknown,"$75,000 or greater",unknown,unknown,unknown,4,2,4,6,8
38256,2015,Alabama,unknown,unknown,unknown,unknown,unknown,4,2,7,6,8
38257,2015,Alabama,unknown,unknown,unknown,unknown,Asian,4,2,7,6,2
38258,2015,Alabama,unknown,unknown,unknown,unknown,Hawaiian/Pacific Islander,4,2,7,6,3
38259,2015,Alabama,unknown,unknown,unknown,unknown,Other,4,2,7,6,7
38260,2015,Alabama,unknown,unknown,unknown,unknown,Non-Hispanic White,4,2,7,6,6
38261,2015,Alabama,unknown,unknown,unknown,unknown,Non-Hispanic Black,4,2,7,6,5
38262,2015,Alabama,unknown,unknown,unknown,unknown,2 or more races,4,2,7,6,0
38263,2015,Alabama,unknown,unknown,unknown,unknown,Hispanic,4,2,7,6,4
38264,2015,Alabama,unknown,unknown,unknown,unknown,American Indian/Alaska Native,4,2,7,6,1
38265,2015,Alabama,unknown,unknown,unknown,45 - 54,unknown,4,2,7,3,8
38266,2015,Alabama,unknown,unknown,unknown,25 - 34,unknown,4,2,7,1,8
38267,2015,Alabama,unknown,unknown,unknown,35 - 44,unknown,4,2,7,2,8
38268,2015,Alabama,unknown,unknown,unknown,55 - 64,unknown,4,2,7,4,8
38269,2015,Alabama,unknown,unknown,unknown,18 - 24,unknown,4,2,7,0,8
38270,2015,Alabama,unknown,unknown,unknown,65 or older,unknown,4,2,7,5,8
38271,2015,Alabama,Less than high school,unknown,unknown,unknown,unknown,2,2,7,6,8
38272,2015,Alabama,High school graduate,unknown,unknown,unknown,unknown,1,2,7,6,8
38273,2015,Alabama,Some college or technical school,unknown,unknown,unknown,unknown,3,2,7,6,8
38274,2015,Alabama,College graduate,unknown,unknown,unknown,unknown,0,2,7,6,8
38275,2015,Alabama,unknown,unknown,Female,unknown,unknown,4,0,7,6,8
38276,2015,Alabama,unknown,unknown,Male,unknown,unknown,4,1,7,6,8
38277,2015,Alabama,unknown,"$15,000 - $24,999",unknown,unknown,unknown,4,2,0,6,8
38278,2015,Alabama,unknown,"$35,000 - $49,999",unknown,unknown,unknown,4,2,2,6,8
38279,2015,Alabama,unknown,"Less than $15,000",unknown,unknown,unknown,4,2,6,6,8
38280,2015,Alabama,unknown,"$25,000 - $34,999",unknown,unknown,unknown,4,2,1,6,8
38281,2015,Alabama,unknown,Data not reported,unknown,unknown,unknown,4,2,5,6,8
38282,2015,Alabama,unknown,"$75,000 or greater",unknown,unknown,unknown,4,2,4,6,8
38283,2015,Alabama,unknown,"$50,000 - $74,999",unknown,unknown,unknown,4,2,3,6,8
38284,2015,Alabama,unknown,unknown,unknown,unknown,unknown,4,2,7,6,8
38285,2015,Alabama,unknown,unknown,unknown,unknown,Asian,4,2,7,6,2
38286,2015,Alabama,unknown,unknown,unknown,unknown,Hawaiian/Pacific Islander,4,2,7,6,3
38287,2015,Alabama,unknown,unknown,unknown,unknown,Other,4,2,7,6,7
38288,2015,Alabama,unknown,unknown,unknown,unknown,Non-Hispanic Black,4,2,7,6,5
38289,2015,Alabama,unknown,unknown,unknown,unknown,Hispanic,4,2,7,6,4
38290,2015,Alabama,unknown,unknown,unknown,unknown,Non-Hispanic White,4,2,7,6,6
38291,2015,Alabama,unknown,unknown,unknown,unknown,American Indian/Alaska Native,4,2,7,6,1
38292,2015,Alabama,unknown,unknown,unknown,unknown,2 or more races,4,2,7,6,0
38293,2015,Alabama,unknown,unknown,unknown,65 or older,unknown,4,2,7,5,8
38294,2015,Alabama,unknown,unknown,unknown,55 - 64,unknown,4,2,7,4,8
38295,2015,Alabama,unknown,unknown,unknown,45 - 54,unknown,4,2,7,3,8
38296,2015,Alabama,unknown,unknown,unknown,35 - 44,unknown,4,2,7,2,8
38297,2015,Alabama,unknown,unknown,unknown,25 - 34,unknown,4,2,7,1,8
38298,2015,Alabama,unknown,unknown,unknown,18 - 24,unknown,4,2,7,0,8
38299,2015,Alabama,Less than high school,unknown,unknown,unknown,unknown,2,2,7,6,8
38300,2015,Alabama,High school graduate,unknown,unknown,unknown,unknown,1,2,7,6,8
38301,2015,Alabama,Some college or technical school,unknown,unknown,unknown,unknown,3,2,7,6,8
38302,2015,Alabama,College graduate,unknown,unknown,unknown,unknown,0,2,7,6,8
38303,2015,Alabama,unknown,unknown,Female,unknown,unknown,4,0,7,6,8
38304,2015,Alabama,unknown,unknown,Male,unknown,unknown,4,1,7,6,8
38305,2015,Alabama,unknown,"Less than $15,000",unknown,unknown,unknown,4,2,6,6,8
38306,2015,Alabama,unknown,"$15,000 - $24,999",unknown,unknown,unknown,4,2,0,6,8
38307,2015,Alabama,unknown,Data not reported,unknown,unknown,unknown,4,2,5,6,8
38308,2015,Alabama,unknown,"$25,000 - $34,999",unknown,unknown,unknown,4,2,1,6,8
38309,2015,Alabama,unknown,"$35,000 - $49,999",unknown,unknown,unknown,4,2,2,6,8
38310,2015,Alabama,unknown,"$50,000 - $74,999",unknown,unknown,unknown,4,2,3,6,8
38311,2015,Alabama,unknown,"$75,000 or greater",unknown,unknown,unknown,4,2,4,6,8
38312,2015,Alabama,unknown,unknown,unknown,unknown,unknown,4,2,7,6,8
38313,2015,Alabama,unknown,unknown,unknown,unknown,Asian,4,2,7,6,2
38314,2015,Alabama,unknown,unknown,unknown,unknown,Hawaiian/Pacific Islander,4,2,7,6,3
38315,2015,Alabama,unknown,unknown,unknown,unknown,Other,4,2,7,6,7
38316,2015,Alabama,unknown,unknown,unknown,unknown,Non-Hispanic White,4,2,7,6,6
38317,2015,Alabama,unknown,unknown,unknown,unknown,2 or more races,4,2,7,6,0
38318,2015,Alabama,unknown,unknown,unknown,unknown,Non-Hispanic Black,4,2,7,6,5
38319,2015,Alabama,unknown,unknown,unknown,unknown,Hispanic,4,2,7,6,4
38320,2015,Alabama,unknown,unknown,unknown,unknown,American Indian/Alaska Native,4,2,7,6,1
38321,2015,Alabama,unknown,unknown,unknown,18 - 24,unknown,4,2,7,0,8
38322,2015,Alabama,unknown,unknown,unknown,25 - 34,unknown,4,2,7,1,8
38323,2015,Alabama,unknown,unknown,unknown,35 - 44,unknown,4,2,7,2,8
38324,2015,Alabama,unknown,unknown,unknown,45 - 54,unknown,4,2,7,3,8
38325,2015,Alabama,unknown,unknown,unknown,55 - 64,unknown,4,2,7,4,8
38326,2015,Alabama,unknown,unknown,unknown,65 or older,unknown,4,2,7,5,8
38327,2015,Alabama,College graduate,unknown,unknown,unknown,unknown,0,2,7,6,8
38328,2015,Alabama,Some college or technical school,unknown,unknown,unknown,unknown,3,2,7,6,8
38329,2015,Alabama,High school graduate,unknown,unknown,unknown,unknown,1,2,7,6,8
38330,2015,Alabama,Less than high school,unknown,unknown,unknown,unknown,2,2,7,6,8
38331,2015,Alabama,unknown,unknown,Male,unknown,unknown,4,1,7,6,8
38332,2015,Alabama,unknown,unknown,Female,unknown,unknown,4,0,7,6,8
38333,2015,Alabama,unknown,"$75,000 or greater",unknown,unknown,unknown,4,2,4,6,8
38334,2015,Alabama,unknown,"$50,000 - $74,999",unknown,unknown,unknown,4,2,3,6,8
38335,2015,Alabama,unknown,"$35,000 - $49,999",unknown,unknown,unknown,4,2,2,6,8
38336,2015,Alabama,unknown,Data not reported,unknown,unknown,unknown,4,2,5,6,8
38337,2015,Alabama,unknown,"$15,000 - $24,999",unknown,unknown,unknown,4,2,0,6,8
38338,2015,Alabama,unknown,"$25,000 - $34,999",unknown,unknown,unknown,4,2,1,6,8
38339,2015,Alabama,unknown,"Less than $15,000",unknown,unknown,unknown,4,2,6,6,8
38340,2015,Alabama,unknown,unknown,unknown,unknown,unknown,4,2,7,6,8
38341,2015,Alabama,unknown,unknown,unknown,unknown,Asian,4,2,7,6,2
38342,2015,Alabama,unknown,unknown,unknown,unknown,Hawaiian/Pacific Islander,4,2,7,6,3
38343,2015,Alabama,unknown,unknown,unknown,unknown,Other,4,2,7,6,7
38344,2015,Alabama,unknown,unknown,unknown,unknown,2 or more races,4,2,7,6,0
38345,2015,Alabama,unknown,unknown,unknown,unknown,Hispanic,4,2,7,6,4
38346,2015,Alabama,unknown,unknown,unknown,unknown,Non-Hispanic White,4,2,7,6,6
38347,2015,Alabama,unknown,unknown,unknown,unknown,American Indian/Alaska Native,4,2,7,6,1
38348,2015,Alabama,unknown,unknown,unknown,unknown,Non-Hispanic Black,4,2,7,6,5
45770,2015,Alabama,unknown,unknown,unknown,18 - 24,unknown,4,2,7,0,8
45771,2015,Alabama,unknown,unknown,unknown,65 or older,unknown,4,2,7,5,8
45772,2015,Alabama,unknown,unknown,unknown,25 - 34,unknown,4,2,7,1,8
45773,2015,Alabama,unknown,unknown,unknown,55 - 64,unknown,4,2,7,4,8
45774,2015,Alabama,unknown,unknown,unknown,45 - 54,unknown,4,2,7,3,8
45775,2015,Alabama,College graduate,unknown,unknown,unknown,unknown,0,2,7,6,8
45776,2015,Alabama,Some college or technical school,unknown,unknown,unknown,unknown,3,2,7,6,8
45777,2015,Alabama,High school graduate,unknown,unknown,unknown,unknown,1,2,7,6,8
45778,2015,Alabama,Less than high school,unknown,unknown,unknown,unknown,2,2,7,6,8
45779,2015,Alabama,unknown,unknown,Male,unknown,unknown,4,1,7,6,8
45780,2015,Alabama,unknown,unknown,Female,unknown,unknown,4,0,7,6,8
45781,2015,Alabama,unknown,Data not reported,unknown,unknown,unknown,4,2,5,6,8
45782,2015,Alabama,unknown,"$75,000 or greater",unknown,unknown,unknown,4,2,4,6,8
45783,2015,Alabama,unknown,"$50,000 - $74,999",unknown,unknown,unknown,4,2,3,6,8
45784,2015,Alabama,unknown,"$35,000 - $49,999",unknown,unknown,unknown,4,2,2,6,8
45785,2015,Alabama,unknown,"$25,000 - $34,999",unknown,unknown,unknown,4,2,1,6,8
45786,2015,Alabama,unknown,"$15,000 - $24,999",unknown,unknown,unknown,4,2,0,6,8
45787,2015,Alabama,unknown,"Less than $15,000",unknown,unknown,unknown,4,2,6,6,8
45788,2015,Alabama,unknown,unknown,unknown,unknown,unknown,4,2,7,6,8
45789,2015,Alabama,unknown,unknown,unknown,unknown,Asian,4,2,7,6,2
45790,2015,Alabama,unknown,unknown,unknown,unknown,Hawaiian/Pacific Islander,4,2,7,6,3
45791,2015,Alabama,unknown,unknown,unknown,unknown,Other,4,2,7,6,7
45792,2015,Alabama,unknown,unknown,unknown,unknown,Hispanic,4,2,7,6,4
45793,2015,Alabama,unknown,unknown,unknown,unknown,Non-Hispanic White,4,2,7,6,6
45794,2015,Alabama,unknown,unknown,unknown,unknown,American Indian/Alaska Native,4,2,7,6,1
45795,2015,Alabama,unknown,unknown,unknown,unknown,2 or more races,4,2,7,6,0
45796,2015,Alabama,unknown,unknown,unknown,unknown,Non-Hispanic Black,4,2,7,6,5
45797,2015,Alabama,unknown,unknown,unknown,18 - 24,unknown,4,2,7,0,8
45798,2015,Alabama,unknown,unknown,unknown,25 - 34,unknown,4,2,7,1,8
45799,2015,Alabama,unknown,unknown,unknown,35 - 44,unknown,4,2,7,2,8
45800,2015,Alabama,unknown,unknown,unknown,45 - 54,unknown,4,2,7,3,8
45801,2015,Alabama,unknown,unknown,unknown,55 - 64,unknown,4,2,7,4,8
45802,2015,Alabama,unknown,unknown,unknown,65 or older,unknown,4,2,7,5,8
45803,2015,Alabama,Less than high school,unknown,unknown,unknown,unknown,2,2,7,6,8
45804,2015,Alabama,High school graduate,unknown,unknown,unknown,unknown,1,2,7,6,8
45805,2015,Alabama,Some college or technical school,unknown,unknown,unknown,unknown,3,2,7,6,8
45806,2015,Alabama,College graduate,unknown,unknown,unknown,unknown,0,2,7,6,8
45807,2015,Alabama,unknown,unknown,Female,unknown,unknown,4,0,7,6,8
45808,2015,Alabama,unknown,unknown,Male,unknown,unknown,4,1,7,6,8
45809,2015,Alabama,unknown,"Less than $15,000",unknown,unknown,unknown,4,2,6,6,8
45810,2015,Alabama,unknown,Data not reported,unknown,unknown,unknown,4,2,5,6,8
45811,2015,Alabama,unknown,"$15,000 - $24,999",unknown,unknown,unknown,4,2,0,6,8
45812,2015,Alabama,unknown,"$25,000 - $34,999",unknown,unknown,unknown,4,2,1,6,8
45813,2015,Alabama,unknown,"$75,000 or greater",unknown,unknown,unknown,4,2,4,6,8
45814,2015,Alabama,unknown,"$35,000 - $49,999",unknown,unknown,unknown,4,2,2,6,8
45815,2015,Alabama,unknown,"$50,000 - $74,999",unknown,unknown,unknown,4,2,3,6,8
45816,2015,Alabama,unknown,unknown,unknown,unknown,unknown,4,2,7,6,8
45817,2015,Alabama,unknown,unknown,unknown,unknown,Asian,4,2,7,6,2
45818,2015,Alabama,unknown,unknown,unknown,unknown,Hawaiian/Pacific Islander,4,2,7,6,3
45819,2015,Alabama,unknown,unknown,unknown,unknown,Other,4,2,7,6,7
45820,2015,Alabama,unknown,unknown,unknown,unknown,American Indian/Alaska Native,4,2,7,6,1
45821,2015,Alabama,unknown,unknown,unknown,unknown,Non-Hispanic Black,4,2,7,6,5
45822,2015,Alabama,unknown,unknown,unknown,unknown,2 or more races,4,2,7,6,0
45823,2015,Alabama,unknown,unknown,unknown,unknown,Non-Hispanic White,4,2,7,6,6
45824,2015,Alabama,unknown,unknown,unknown,unknown,Hispanic,4,2,7,6,4
48828,2016,Alabama,unknown,unknown,unknown,unknown,unknown,4,2,7,6,8
48882,2016,Alabama,unknown,unknown,Male,unknown,unknown,4,1,7,6,8
48883,2016,Alabama,unknown,unknown,Female,unknown,unknown,4,0,7,6,8
48884,2016,Alabama,Less than high school,unknown,unknown,unknown,unknown,2,2,7,6,8
48885,2016,Alabama,High school graduate,unknown,unknown,unknown,unknown,1,2,7,6,8
48886,2016,Alabama,Some college or technical school,unknown,unknown,unknown,unknown,3,2,7,6,8
48887,2016,Alabama,College graduate,unknown,unknown,unknown,unknown,0,2,7,6,8
48888,2016,Alabama,unknown,unknown,unknown,18 - 24,unknown,4,2,7,0,8
48889,2016,Alabama,unknown,unknown,unknown,25 - 34,unknown,4,2,7,1,8
48890,2016,Alabama,unknown,unknown,unknown,35 - 44,unknown,4,2,7,2,8
48891,2016,Alabama,unknown,unknown,unknown,45 - 54,unknown,4,2,7,3,8
48892,2016,Alabama,unknown,unknown,unknown,55 - 64,unknown,4,2,7,4,8
48893,2016,Alabama,unknown,unknown,unknown,65 or older,unknown,4,2,7,5,8
48894,2016,Alabama,unknown,"Less than $15,000",unknown,unknown,unknown,4,2,6,6,8
48895,2016,Alabama,unknown,"$15,000 - $24,999",unknown,unknown,unknown,4,2,0,6,8
48896,2016,Alabama,unknown,"$25,000 - $34,999",unknown,unknown,unknown,4,2,1,6,8
48897,2016,Alabama,unknown,"$35,000 - $49,999",unknown,unknown,unknown,4,2,2,6,8
48898,2016,Alabama,unknown,"$50,000 - $74,999",unknown,unknown,unknown,4,2,3,6,8
48899,2016,Alabama,unknown,"$75,000 or greater",unknown,unknown,unknown,4,2,4,6,8
48900,2016,Alabama,unknown,Data not reported,unknown,unknown,unknown,4,2,5,6,8
48901,2016,Alabama,unknown,unknown,unknown,unknown,Non-Hispanic White,4,2,7,6,6
48902,2016,Alabama,unknown,unknown,unknown,unknown,Non-Hispanic Black,4,2,7,6,5
48903,2016,Alabama,unknown,unknown,unknown,unknown,Hispanic,4,2,7,6,4
48904,2016,Alabama,unknown,unknown,unknown,unknown,Asian,4,2,7,6,2
48905,2016,Alabama,unknown,unknown,unknown,unknown,Hawaiian/Pacific Islander,4,2,7,6,3
48906,2016,Alabama,unknown,unknown,unknown,unknown,American Indian/Alaska Native,4,2,7,6,1
48907,2016,Alabama,unknown,unknown,unknown,unknown,2 or more races,4,2,7,6,0
48908,2016,Alabama,unknown,unknown,unknown,unknown,Other,4,2,7,6,7
50350,2016,Alabama,unknown,unknown,unknown,unknown,unknown,4,2,7,6,8
50394,2016,Alabama,unknown,unknown,Male,unknown,unknown,4,1,7,6,8
50395,2016,Alabama,unknown,unknown,Female,unknown,unknown,4,0,7,6,8
50396,2016,Alabama,Less than high school,unknown,unknown,unknown,unknown,2,2,7,6,8
50397,2016,Alabama,High school graduate,unknown,unknown,unknown,unknown,1,2,7,6,8
50398,2016,Alabama,Some college or technical school,unknown,unknown,unknown,unknown,3,2,7,6,8
50399,2016,Alabama,College graduate,unknown,unknown,unknown,unknown,0,2,7,6,8
50400,2016,Alabama,unknown,unknown,unknown,18 - 24,unknown,4,2,7,0,8
50401,2016,Alabama,unknown,unknown,unknown,25 - 34,unknown,4,2,7,1,8
50402,2016,Alabama,unknown,unknown,unknown,35 - 44,unknown,4,2,7,2,8
50403,2016,Alabama,unknown,unknown,unknown,45 - 54,unknown,4,2,7,3,8
50404,2016,Alabama,unknown,unknown,unknown,55 - 64,unknown,4,2,7,4,8
50405,2016,Alabama,unknown,unknown,unknown,65 or older,unknown,4,2,7,5,8
50406,2016,Alabama,unknown,"Less than $15,000",unknown,unknown,unknown,4,2,6,6,8
50407,2016,Alabama,unknown,"$15,000 - $24,999",unknown,unknown,unknown,4,2,0,6,8
50408,2016,Alabama,unknown,"$25,000 - $34,999",unknown,unknown,unknown,4,2,1,6,8
50409,2016,Alabama,unknown,"$35,000 - $49,999",unknown,unknown,unknown,4,2,2,6,8
50410,2016,Alabama,unknown,"$50,000 - $74,999",unknown,unknown,unknown,4,2,3,6,8
50411,2016,Alabama,unknown,"$75,000 or greater",unknown,unknown,unknown,4,2,4,6,8
50412,2016,Alabama,unknown,Data not reported,unknown,unknown,unknown,4,2,5,6,8
50413,2016,Alabama,unknown,unknown,unknown,unknown,Non-Hispanic White,4,2,7,6,6
50414,2016,Alabama,unknown,unknown,unknown,unknown,Non-Hispanic Black,4,2,7,6,5
50415,2016,Alabama,unknown,unknown,unknown,unknown,Hispanic,4,2,7,6,4
50416,2016,Alabama,unknown,unknown,unknown,unknown,Asian,4,2,7,6,2
50417,2016,Alabama,unknown,unknown,unknown,unknown,Hawaiian/Pacific Islander,4,2,7,6,3
50418,2016,Alabama,unknown,unknown,unknown,unknown,American Indian/Alaska Native,4,2,7,6,1
50419,2016,Alabama,unknown,unknown,unknown,unknown,2 or more races,4,2,7,6,0
50420,2016,Alabama,unknown,unknown,unknown,unknown,Other,4,2,7,6,7
51880,2016,Alabama,unknown,unknown,unknown,unknown,unknown,4,2,7,6,8
51934,2016,Alabama,unknown,unknown,Male,unknown,unknown,4,1,7,6,8
51935,2016,Alabama,unknown,unknown,Female,unknown,unknown,4,0,7,6,8
51936,2016,Alabama,Less than high school,unknown,unknown,unknown,unknown,2,2,7,6,8
51937,2016,Alabama,High school graduate,unknown,unknown,unknown,unknown,1,2,7,6,8
51938,2016,Alabama,Some college or technical school,unknown,unknown,unknown,unknown,3,2,7,6,8
51939,2016,Alabama,College graduate,unknown,unknown,unknown,unknown,0,2,7,6,8
51940,2016,Alabama,unknown,unknown,unknown,18 - 24,unknown,4,2,7,0,8
51941,2016,Alabama,unknown,unknown,unknown,25 - 34,unknown,4,2,7,1,8
51942,2016,Alabama,unknown,unknown,unknown,35 - 44,unknown,4,2,7,2,8
51943,2016,Alabama,unknown,unknown,unknown,45 - 54,unknown,4,2,7,3,8
51944,2016,Alabama,unknown,unknown,unknown,55 - 64,unknown,4,2,7,4,8
51945,2016,Alabama,unknown,unknown,unknown,65 or older,unknown,4,2,7,5,8
51946,2016,Alabama,unknown,"Less than $15,000",unknown,unknown,unknown,4,2,6,6,8
51947,2016,Alabama,unknown,"$15,000 - $24,999",unknown,unknown,unknown,4,2,0,6,8
51948,2016,Alabama,unknown,"$25,000 - $34,999",unknown,unknown,unknown,4,2,1,6,8
51949,2016,Alabama,unknown,"$35,000 - $49,999",unknown,unknown,unknown,4,2,2,6,8
51950,2016,Alabama,unknown,"$50,000 - $74,999",unknown,unknown,unknown,4,2,3,6,8
51951,2016,Alabama,unknown,"$75,000 or greater",unknown,unknown,unknown,4,2,4,6,8
51952,2016,Alabama,unknown,Data not reported,unknown,unknown,unknown,4,2,5,6,8
51953,2016,Alabama,unknown,unknown,unknown,unknown,Non-Hispanic White,4,2,7,6,6
51954,2016,Alabama,unknown,unknown,unknown,unknown,Non-Hispanic Black,4,2,7,6,5
51955,2016,Alabama,unknown,unknown,unknown,unknown,Hispanic,4,2,7,6,4
51956,2016,Alabama,unknown,unknown,unknown,unknown,Asian,4,2,7,6,2
51957,2016,Alabama,unknown,unknown,unknown,unknown,Hawaiian/Pacific Islander,4,2,7,6,3
51958,2016,Alabama,unknown,unknown,unknown,unknown,American Indian/Alaska Native,4,2,7,6,1
51959,2016,Alabama,unknown,unknown,unknown,unknown,2 or more races,4,2,7,6,0
51960,2016,Alabama,unknown,unknown,unknown,unknown,Other,4,2,7,6,7
